XinV,YinV,RinV,outputphase
2.76567e-005,0.000282289,0.000283243,84.342
3.24252e-005,0.00028515,0.000287058,83.334
3.81472e-005,0.000280382,0.000283243,82.158
3.05178e-005,0.000277521,0.000279428,83.568
2.19346e-005,0.000275614,0.000276567,85.44
2.86103e-005,0.000281336,0.000283243,84.198
3.52862e-005,0.000283243,0.00028515,82.89
3.14715e-005,0.000286104,0.000288012,83.628
3.24252e-005,0.000278475,0.000280382,83.178
2.86103e-005,0.000280382,0.000282289,84.048
3.24252e-005,0.00028515,0.000287058,83.352
3.62399e-005,0.000278475,0.000280382,82.506
2.3842e-005,0.000277521,0.000278475,85.062
3.52862e-005,0.000283243,0.00028515,82.758
2.76567e-005,0.00028515,0.000286104,84.396
3.05178e-005,0.000282289,0.000283243,83.808
3.52862e-005,0.000278475,0.000280382,82.656
3.05178e-005,0.000277521,0.000279428,83.706
2.6703e-005,0.000277521,0.000278475,84.384
2.47956e-005,0.000287058,0.000288965,84.972
3.52862e-005,0.000283243,0.00028515,82.908
2.9564e-005,0.000278475,0.000279428,83.856
2.3842e-005,0.000271799,0.000272753,84.954
2.57493e-005,0.000280382,0.000282289,84.582
2.9564e-005,0.000283243,0.00028515,83.97
2.76567e-005,0.00028515,0.000286104,84.396
3.33788e-005,0.000283243,0.00028515,83.16
3.24252e-005,0.000273706,0.000276567,83.22
2.3842e-005,0.000280382,0.000282289,84.99
2.86103e-005,0.000287058,0.000288012,84.174
3.71935e-005,0.00028515,0.000287058,82.416
3.81472e-005,0.000279428,0.000282289,82.14
3.33788e-005,0.000273706,0.000276567,82.944
2.76567e-005,0.000276567,0.000278475,84.234
3.24252e-005,0.000283243,0.00028515,83.292
3.43325e-005,0.000282289,0.000284197,83.01
3.71935e-005,0.000280382,0.000283243,82.29
2.47956e-005,0.000276567,0.000277521,84.768
2.57493e-005,0.000280382,0.000282289,84.582
2.57493e-005,0.000282289,0.000283243,84.612
2.86103e-005,0.000289919,0.000290873,84.354
3.43325e-005,0.000277521,0.000279428,82.89
2.86103e-005,0.000273706,0.000275614,83.904
2.19346e-005,0.000280382,0.000281336,85.53
2.9564e-005,0.000282289,0.000283243,83.94
3.33788e-005,0.000282289,0.000284197,83.142
3.24252e-005,0.000275614,0.000277521,83.25
3.24252e-005,0.000278475,0.000280382,83.316
2.57493e-005,0.000280382,0.000281336,84.57
2.86103e-005,0.000284197,0.00028515,84.12
3.05178e-005,0.000282289,0.000283243,83.808
3.81472e-005,0.000283243,0.00028515,82.23
3.62399e-005,0.000276567,0.000279428,82.47
2.6703e-005,0.000280382,0.000282289,84.45
3.05178e-005,0.000282289,0.000284197,83.676
3.24252e-005,0.000277521,0.000279428,83.16
2.86103e-005,0.000273706,0.00027466,84.024
3.05178e-005,0.000272753,0.00027466,83.598
2.57493e-005,0.000277521,0.000278475,84.522
2.86103e-005,0.00028515,0.000287058,84.276
3.52862e-005,0.000290873,0.00029278,82.956
3.52862e-005,0.000279428,0.000281336,82.674
3.05178e-005,0.000272753,0.00027466,83.598
2.3842e-005,0.000277521,0.000278475,84.93
3.05178e-005,0.000283243,0.00028515,83.688
3.24252e-005,0.000288965,0.000290873,83.43
3.91009e-005,0.000281336,0.000284197,82.062
2.9564e-005,0.000273706,0.00027466,83.754
2.19346e-005,0.000272753,0.000273706,85.26
2.86103e-005,0.000280382,0.000281336,84.168
2.9564e-005,0.000287058,0.000288012,84.036
3.81472e-005,0.000278475,0.000280382,82.098
3.43325e-005,0.000276567,0.000278475,82.86
2.9564e-005,0.000278475,0.000279428,83.856
2.57493e-005,0.000280382,0.000281336,84.708
2.86103e-005,0.000284197,0.00028515,84.252
3.24252e-005,0.000286104,0.000288012,83.37
3.52862e-005,0.000276567,0.000278475,82.602
2.86103e-005,0.000280382,0.000282289,84.18
2.86103e-005,0.000277521,0.000278475,84.114
2.6703e-005,0.00028515,0.000286104,84.528
3.24252e-005,0.000288012,0.000289919,83.544
3.62399e-005,0.000275614,0.000278475,82.434
3.52862e-005,0.000273706,0.000276567,82.53
2.86103e-005,0.00027466,0.000276567,83.916
2.57493e-005,0.000278475,0.000280382,84.546
3.14715e-005,0.000284197,0.000286104,83.586
3.71935e-005,0.00028515,0.000287058,82.416
3.71935e-005,0.000278475,0.000280382,82.236
3.14715e-005,0.000278475,0.000280382,83.466
2.19346e-005,0.000276567,0.000276567,85.32
2.57493e-005,0.000283243,0.00028515,84.768
2.86103e-005,0.000284197,0.00028515,84.12
3.71935e-005,0.00028515,0.000288012,82.56
3.14715e-005,0.000280382,0.000283243,83.508
2.6703e-005,0.000280382,0.000281336,84.438
2.86103e-005,0.000276567,0.000277521,83.946
2.9564e-005,0.000281336,0.000283243,83.928
3.05178e-005,0.000287058,0.000288965,83.778
3.43325e-005,0.000283243,0.00028515,83.04
3.33788e-005,0.000273706,0.000276567,82.944
3.05178e-005,0.000276567,0.000278475,83.556
2.57493e-005,0.00028515,0.000286104,84.792
3.05178e-005,0.000287058,0.000289919,83.79
3.71935e-005,0.000290873,0.000293734,82.566
3.43325e-005,0.000279428,0.000281336,82.944
3.05178e-005,0.00027466,0.000276567,83.508
3.24252e-005,0.000275614,0.000277521,83.25
2.86103e-005,0.000281336,0.000283243,84.06
2.3842e-005,0.000289919,0.000291826,85.146
3.33788e-005,0.000278475,0.000280382,83.058
3.71935e-005,0.000278475,0.000281336,82.386
3.62399e-005,0.000269892,0.000272753,82.284
2.47956e-005,0.000273706,0.00027466,84.72
2.28883e-005,0.00028515,0.00028515,85.326
2.86103e-005,0.000284197,0.00028515,84.12
3.24252e-005,0.00028515,0.000287058,83.352
3.14715e-005,0.000277521,0.000279428,83.43
3.24252e-005,0.000279428,0.000281336,83.208
2.6703e-005,0.000277521,0.000278475,84.384
2.19346e-005,0.000279428,0.000280382,85.374
2.86103e-005,0.000286104,0.000287058,84.288
3.24252e-005,0.000280382,0.000283243,83.244
3.43325e-005,0.000277521,0.000279428,82.89
3.52862e-005,0.000279428,0.000281336,82.674
3.14715e-005,0.000271799,0.000273706,83.304
2.6703e-005,0.000278475,0.000280382,84.414
3.05178e-005,0.00028515,0.000287058,83.88
3.05178e-005,0.000287058,0.000288012,83.91
3.52862e-005,0.00028515,0.000287058,82.956
3.62399e-005,0.000278475,0.000281336,82.518
2.9564e-005,0.000280382,0.000281336,83.898
2.86103e-005,0.000276567,0.000277521,83.946
2.57493e-005,0.000283243,0.000284197,84.756
2.6703e-005,0.000288012,0.000289919,84.588
3.71935e-005,0.000283243,0.00028515,82.494
4.00546e-005,0.000275614,0.000278475,81.618
3.71935e-005,0.000271799,0.00027466,82.206
3.24252e-005,0.000280382,0.000282289,83.358
2.6703e-005,0.000280382,0.000282289,84.45
3.05178e-005,0.000283243,0.00028515,83.688
3.71935e-005,0.000286104,0.000288965,82.578
3.52862e-005,0.000283243,0.00028515,82.758
3.52862e-005,0.000276567,0.000278475,82.584
3.05178e-005,0.000276567,0.000278475,83.538
2.3842e-005,0.000283243,0.000284197,85.026
3.43325e-005,0.000282289,0.000284197,83.01
3.71935e-005,0.000288012,0.000290873,82.5
3.81472e-005,0.000278475,0.000281336,82.116
3.52862e-005,0.000273706,0.000275614,82.65
2.57493e-005,0.000281336,0.000283243,84.732
2.86103e-005,0.000278475,0.000280382,84.006
3.05178e-005,0.000283243,0.00028515,83.706
2.9564e-005,0.000286104,0.000287058,84.024
3.71935e-005,0.000282289,0.00028515,82.476
3.14715e-005,0.000279428,0.000281336,83.478
3.05178e-005,0.000277521,0.000279428,83.568
2.19346e-005,0.000283243,0.000284197,85.434
2.57493e-005,0.000283243,0.000284197,84.624
3.24252e-005,0.000288012,0.000289919,83.412
4.10082e-005,0.000278475,0.000281336,81.564
2.6703e-005,0.000276567,0.000278475,84.372
2.57493e-005,0.00028515,0.000286104,84.66
2.3842e-005,0.000284197,0.00028515,85.044
2.57493e-005,0.000291826,0.000293734,84.792
3.24252e-005,0.000289919,0.000291826,83.574
3.71935e-005,0.000288012,0.000290873,82.632
2.9564e-005,0.000279428,0.000280382,83.886
2.57493e-005,0.000277521,0.000278475,84.522
2.86103e-005,0.000281336,0.000283243,84.198
2.86103e-005,0.00028515,0.000286104,84.132
3.52862e-005,0.000280382,0.000283243,82.842
3.71935e-005,0.000282289,0.00028515,82.344
3.24252e-005,0.000277521,0.000279428,83.298
2.28883e-005,0.000276567,0.000277521,85.188
2.76567e-005,0.00028515,0.000286104,84.396
2.57493e-005,0.000286104,0.000287058,84.816
3.05178e-005,0.000287058,0.000288965,83.922
3.24252e-005,0.000282289,0.000284197,83.274
3.52862e-005,0.000278475,0.000280382,82.776
3.05178e-005,0.000275614,0.000277521,83.658
2.3842e-005,0.000280382,0.000281336,85.11
2.19346e-005,0.000283243,0.000284197,85.434
3.71935e-005,0.00028515,0.000288012,82.428
3.62399e-005,0.000283243,0.00028515,82.626
3.71935e-005,0.000280382,0.000283243,82.29
3.24252e-005,0.000273706,0.000275614,83.202
2.86103e-005,0.000277521,0.000278475,84.114
2.47956e-005,0.00028515,0.000287058,84.936
2.86103e-005,0.00028515,0.000286104,84.264
2.57493e-005,0.00028515,0.000287058,84.672
3.43325e-005,0.000284197,0.000286104,83.058
3.62399e-005,0.000280382,0.000283243,82.554
3.05178e-005,0.000273706,0.000275614,83.616
2.9564e-005,0.000288012,0.000289919,84.066
2.3842e-005,0.000283243,0.00028515,85.17
2.9564e-005,0.000287058,0.000289919,84.066
3.43325e-005,0.000289919,0.000291826,83.184
2.86103e-005,0.000281336,0.000283243,84.06
3.33788e-005,0.000280382,0.000283243,83.112
2.76567e-005,0.000276567,0.000278475,84.234
2.86103e-005,0.000280382,0.000282289,84.048
2.57493e-005,0.00028515,0.000286104,84.792
2.57493e-005,0.00028515,0.000287058,84.672
3.81472e-005,0.000287058,0.000289919,82.338
3.52862e-005,0.000287058,0.000289919,82.878
3.43325e-005,0.00028515,0.000287058,83.076
2.86103e-005,0.000278475,0.000279428,84.126
2.19346e-005,0.000277521,0.000278475,85.338
2.76567e-005,0.000284197,0.00028515,84.384
2.86103e-005,0.00028515,0.000286104,84.132
3.52862e-005,0.000282289,0.000284197,82.878
2.86103e-005,0.000283243,0.00028515,84.102
3.05178e-005,0.000276567,0.000278475,83.688
2.6703e-005,0.000271799,0.000272753,84.264
2.6703e-005,0.000275614,0.000276567,84.348
2.3842e-005,0.000280382,0.000282289,84.99
3.24252e-005,0.000283243,0.00028515,83.436
3.24252e-005,0.00028515,0.000287058,83.466
3.24252e-005,0.000276567,0.000278475,83.268
3.52862e-005,0.000276567,0.000278475,82.722
3.24252e-005,0.000278475,0.000280382,83.316
2.6703e-005,0.00027466,0.000276567,84.33
2.86103e-005,0.000280382,0.000282289,84.048
2.47956e-005,0.000287058,0.000288965,84.972
2.9564e-005,0.000287058,0.000288012,84.036
3.24252e-005,0.000283243,0.00028515,83.424
3.62399e-005,0.000283243,0.000286104,82.644
2.57493e-005,0.000273706,0.00027466,84.576
2.86103e-005,0.000276567,0.000277521,83.946
2.19346e-005,0.000283243,0.000283243,85.428
3.05178e-005,0.000283243,0.00028515,83.838
3.24252e-005,0.000286104,0.000288012,83.496
3.43325e-005,0.000287058,0.000288965,83.118
3.52862e-005,0.000280382,0.000283243,82.71
3.05178e-005,0.000278475,0.000280382,83.598
3.05178e-005,0.000279428,0.000281336,83.748
2.3842e-005,0.000277521,0.000278475,84.93
2.86103e-005,0.000283243,0.00028515,84.234
2.86103e-005,0.000287058,0.000288965,84.186
3.24252e-005,0.00028515,0.000287058,83.466
3.71935e-005,0.000284197,0.000287058,82.53
3.52862e-005,0.000275614,0.000277521,82.704
3.05178e-005,0.000278475,0.000280382,83.736
2.6703e-005,0.000286104,0.000287058,84.552
3.05178e-005,0.000287058,0.000288965,83.922
2.57493e-005,0.00028515,0.000287058,84.672
3.05178e-005,0.000287058,0.000288012,83.91
3.52862e-005,0.000279428,0.000281336,82.674
3.81472e-005,0.000283243,0.00028515,82.23
3.24252e-005,0.000276567,0.000278475,83.13
2.86103e-005,0.00027466,0.000276567,83.916
2.9564e-005,0.000276567,0.000278475,83.826
2.3842e-005,0.00028515,0.000287058,85.206
3.05178e-005,0.00028515,0.000287058,83.748
2.57493e-005,0.000278475,0.000280382,84.684
3.24252e-005,0.000283243,0.00028515,83.292
3.52862e-005,0.000278475,0.000280382,82.788
3.43325e-005,0.000276567,0.000278475,82.878
2.86103e-005,0.000276567,0.000277521,84.084
2.3842e-005,0.00028515,0.000287058,85.068
2.57493e-005,0.000286104,0.000287058,84.816
3.05178e-005,0.00028515,0.000286104,83.868
3.81472e-005,0.000287058,0.000289919,82.35
3.43325e-005,0.000282289,0.000284197,83.01
3.52862e-005,0.000275614,0.000277521,82.704
2.6703e-005,0.000276567,0.000278475,84.372
3.24252e-005,0.000278475,0.000280382,83.328
2.19346e-005,0.000276567,0.000277521,85.464
3.24252e-005,0.000284197,0.000286104,83.322
3.14715e-005,0.000288965,0.000290873,83.688
3.43325e-005,0.000283243,0.00028515,83.04
3.71935e-005,0.000281336,0.000284197,82.458
3.43325e-005,0.000276567,0.000278475,82.86
3.43325e-005,0.000271799,0.000273706,82.752
2.47956e-005,0.000276567,0.000277521,84.768
2.57493e-005,0.000280382,0.000281336,84.708
2.57493e-005,0.000288012,0.000289919,84.852
2.76567e-005,0.00028515,0.000286104,84.396
3.43325e-005,0.000288965,0.000290873,83.166
3.91009e-005,0.000277521,0.000280382,81.81
3.52862e-005,0.000282289,0.000284197,82.878
2.86103e-005,0.000276567,0.000277521,83.946
2.57493e-005,0.00028515,0.000286104,84.66
2.57493e-005,0.000277521,0.000278475,84.522
2.19346e-005,0.000279428,0.000280382,85.374
2.57493e-005,0.000287058,0.000288012,84.696
3.33788e-005,0.000286104,0.000288012,83.238
3.71935e-005,0.000283243,0.00028515,82.494
3.05178e-005,0.000278475,0.000280382,83.598
3.05178e-005,0.000273706,0.000275614,83.616
2.57493e-005,0.000280382,0.000282289,84.72
2.47956e-005,0.000278475,0.000280382,84.816
2.0981e-005,0.00028515,0.00028515,85.722
2.86103e-005,0.00028515,0.000286104,84.132
3.33788e-005,0.000282289,0.000284197,83.142
3.24252e-005,0.000272753,0.00027466,83.184
3.71935e-005,0.000276567,0.000278475,82.182
2.6703e-005,0.000267031,0.000267984,84.162
2.3842e-005,0.000273706,0.000275614,85.008
1.62126e-005,0.000278475,0.000279428,86.586
2.86103e-005,0.000282289,0.000283243,84.21
2.86103e-005,0.000278475,0.000279428,83.988
2.9564e-005,0.000281336,0.000283243,83.928
3.33788e-005,0.000278475,0.000280382,83.046
2.86103e-005,0.000272753,0.000273706,83.874
2.19346e-005,0.000267984,0.000268938,85.32
2.19346e-005,0.000278475,0.000279428,85.362
2.00273e-005,0.000276567,0.000276567,85.728
2.19346e-005,0.000280382,0.000281336,85.392
3.05178e-005,0.00028515,0.000286104,83.868
4.19619e-005,0.000272753,0.000276567,81.126
3.52862e-005,0.000272753,0.00027466,82.632
3.24252e-005,0.000270845,0.000272753,83.136
2.47956e-005,0.00027466,0.000276567,84.744
2.47956e-005,0.000279428,0.000280382,84.828
2.6703e-005,0.00028515,0.000286104,84.528
3.05178e-005,0.000282289,0.000284197,83.676
3.14715e-005,0.000277521,0.000279428,83.43
2.76567e-005,0.000271799,0.000273706,84.138
3.05178e-005,0.000269892,0.000271799,83.382
3.14715e-005,0.000267984,0.000269892,83.19
2.57493e-005,0.000268938,0.000269892,84.486
3.05178e-005,0.000276567,0.000278475,83.556
1.90736e-005,2.57493e-005,3.24252e-005,54.06
2.28883e-005,0.00027466,0.00027466,84.558
1.52589e-005,0.00027466,0.00027466,86.55
1.14442e-005,0.000286104,0.000286104,87.336
1.62126e-005,0.00028515,0.00028515,86.658
1.85968e-005,0.000276567,0.000277521,86.142
1.43052e-005,0.000285627,0.000285866,87.096
3.05178e-005,0.000283124,0.000284793,83.832
1.85968e-005,0.000279667,0.000280382,86.184
1.52589e-005,0.000278475,0.000278952,86.85
9.29838e-006,0.000282528,0.000282766,88.074
7.86787e-006,0.000283958,0.000284197,88.386
9.29838e-006,0.000289442,0.000289442,88.122
2.12194e-005,0.000292541,0.000293257,85.83
2.05041e-005,0.00028825,0.000288965,85.902
1.90736e-005,0.000282766,0.000283482,86.124
2.05041e-005,0.000280621,0.000281336,85.788
1.52589e-005,0.000279667,0.000280144,86.862
1.81199e-005,0.00028968,0.000290396,86.418
1.40668e-005,0.000284197,0.000284435,87.15
1.23978e-005,0.000293018,0.000293257,87.558
1.35899e-005,0.000290634,0.000291111,87.312
1.85968e-005,0.00028968,0.000290396,86.316
3.19483e-005,0.000284435,0.000286343,83.586
1.9312e-005,0.000281813,0.000282289,86.076
1.83583e-005,0.000277044,0.00027776,86.184
1.59742e-005,0.00027776,0.000278236,86.706
1.26362e-005,0.000279428,0.000279905,87.372
1.00136e-005,0.000286343,0.000286581,87.966
1.16826e-005,0.000288965,0.000288965,87.654
2.14578e-005,0.000295879,0.000296595,85.848
2.02657e-005,0.00028825,0.000288965,85.932
2.52725e-005,0.00028372,0.000284912,84.87
2.43188e-005,0.000277044,0.000277998,84.948
1.85968e-005,0.000277521,0.000278236,86.118
1.14442e-005,0.000276329,0.000276567,87.618
4.52998e-006,0.000277044,0.000277044,89.034
8.82155e-006,0.000284435,0.000284435,88.188
8.10629e-006,0.000287773,0.000287773,88.374
1.21594e-005,0.000290157,0.000290634,87.57
2.28883e-005,0.000283482,0.000284435,85.362
2.86103e-005,0.000283482,0.000284912,84.192
2.14578e-005,0.000284912,0.000285627,85.686
2.14578e-006,0.000284435,0.000284435,89.562
1.09673e-005,0.000277521,0.00027776,87.696
1.14442e-005,0.000280144,0.000280382,87.654
1.16826e-005,0.00028372,0.000283958,87.612
1.26362e-005,0.000292303,0.00029278,87.486
1.1921e-005,0.000288965,0.000289204,87.624
1.66894e-005,0.000285627,0.000286104,86.628
1.95504e-005,0.000286104,0.000286819,86.07
2.2173e-005,0.000285389,0.000286104,85.524
2.19346e-005,0.000276329,0.000277283,85.452
1.6451e-005,0.000276091,0.000276806,86.58
1.54973e-005,0.00028372,0.000284197,86.838
1.14442e-005,0.000285389,0.000285627,87.66
9.29838e-006,0.00028825,0.000288488,88.146
1.71663e-005,0.000290873,0.000291349,86.592
1.74047e-005,0.000286581,0.000287296,86.508
2.33651e-005,0.000287296,0.00028825,85.326
1.97889e-005,0.000282528,0.000283243,85.986
1.97889e-005,0.000277044,0.00027776,85.872
1.66894e-005,0.000280621,0.000281097,86.568
1.40668e-005,0.000281097,0.000281336,87.114
1.35899e-005,0.00028515,0.000285627,87.258
1.26362e-005,0.00028968,0.000289919,87.462
1.76431e-005,0.000282766,0.000283243,86.394
1.88352e-005,0.000288727,0.000289442,86.238
1.31131e-005,0.000272276,0.000272753,87.198
2.12194e-005,0.00028372,0.000284435,85.704
2.14578e-005,0.000277998,0.000278952,85.578
1.28747e-005,0.000278952,0.000279428,87.336
9.77522e-006,0.000282289,0.000282528,88.008
9.5368e-006,0.000286343,0.000286581,88.068
1.14442e-005,0.00028968,0.000289919,87.696
1.85968e-005,0.000290396,0.000291111,86.292
2.33651e-005,0.000288012,0.000288965,85.338
2.36036e-005,0.000283005,0.000283958,85.188
1.54973e-005,0.000278713,0.00027919,86.784
1.83583e-005,0.000280621,0.000281097,86.226
1.16826e-005,0.000281813,0.000282051,87.6
1.38283e-005,0.000282766,0.000283005,87.198
8.82155e-006,0.000284912,0.00028515,88.194
1.21594e-005,0.000287535,0.000287773,87.546
1.76431e-005,0.000287058,0.000287535,86.448
2.31267e-005,0.000285389,0.000286343,85.362
2.12194e-005,0.000283243,0.000283958,85.692
2.07425e-005,0.00027776,0.000278475,85.71
1.62126e-005,0.000280144,0.000280621,86.664
1.26362e-005,0.000278236,0.000278475,87.36
1.38283e-005,0.000285627,0.000285866,87.228
1.43052e-005,0.000286343,0.000286581,87.138
2.52725e-005,0.000291826,0.000293018,85.008
2.3842e-005,0.000291588,0.00029278,85.296
2.19346e-005,0.000286343,0.000287296,85.578
1.85968e-005,0.00028515,0.000285866,86.256
1.78815e-005,0.000281336,0.000281813,86.34
1.57357e-005,0.000279667,0.000280144,86.76
9.77522e-006,0.000280621,0.000280621,87.96
1.38283e-005,0.000280621,0.000281097,87.18
2.26499e-005,0.000279428,0.000280382,85.332
2.16962e-005,0.000285389,0.000286104,85.626
2.26499e-005,0.000288965,0.000289919,85.518
1.69278e-005,0.000280621,0.000281097,86.532
1.74047e-005,0.00027919,0.000279667,86.418
1.74047e-005,0.000276806,0.000277283,86.382
1.38283e-005,0.000284912,0.000285389,87.222
9.5368e-006,0.000283958,0.000283958,88.05
1.12057e-005,0.000283958,0.000284197,87.714
2.3842e-005,0.000278952,0.000279905,85.08
2.05041e-005,0.000284674,0.000285389,85.848
1.9312e-005,0.000286343,0.000287058,86.142
2.07425e-005,0.000275852,0.000276806,85.68
2.19346e-005,0.000284912,0.000285866,85.554
1.38283e-005,0.000273468,0.000273945,87.108
1.09673e-005,0.000285627,0.000285627,87.762
9.29838e-006,0.000280144,0.000280382,88.092
1.14442e-005,0.000285627,0.000285627,87.66
1.50204e-005,0.000285627,0.000286104,86.964
2.0981e-005,0.000289204,0.000289919,85.818
2.31267e-005,0.000287296,0.00028825,85.392
2.14578e-005,0.000280144,0.000281097,85.614
1.76431e-005,0.000280621,0.000281097,86.364
1.71663e-005,0.000275137,0.000275614,86.4
1.31131e-005,0.000283958,0.000284435,87.312
1.16826e-005,0.000286819,0.000287058,87.642
1.6451e-005,0.000283958,0.000284435,86.64
1.62126e-005,0.000288727,0.000289204,86.766
1.9312e-005,0.000285627,0.000286343,86.13
2.31267e-005,0.000282051,0.000283005,85.272
2.16962e-005,0.000280621,0.000281336,85.554
2.07425e-005,0.000283482,0.000284435,85.8
1.59742e-005,0.000288727,0.000289204,86.796
8.58313e-006,0.000280621,0.000280859,88.236
8.82155e-006,0.000278952,0.00027919,88.152
1.97889e-005,0.000288012,0.000288727,86.064
1.9312e-005,0.000290634,0.000291111,86.16
2.0981e-005,0.000284912,0.000285866,85.788
1.9312e-005,0.00028372,0.000284435,86.106
2.0981e-005,0.000286104,0.000287058,85.806
1.6451e-005,0.000281097,0.000281813,86.64
1.50204e-005,0.000278952,0.00027919,86.886
1.43052e-005,0.000283482,0.000283958,87.072
1.16826e-005,0.000284435,0.000284674,87.618
9.77522e-006,0.000288965,0.000289204,88.05
1.97889e-005,0.000288012,0.000288727,86.064
1.97889e-005,0.000294449,0.000294926,86.148
2.24115e-005,0.000286581,0.000287535,85.512
2.36036e-005,0.000284197,0.00028515,85.212
1.52589e-005,0.000282289,0.000282766,86.892
1.85968e-005,0.000280144,0.000280859,86.19
1.52589e-005,0.000280144,0.000280621,86.868
1.26362e-005,0.000280144,0.000280382,87.414
1.28747e-005,0.000277998,0.000278475,87.324
1.57357e-005,0.000288488,0.000288965,86.862
1.50204e-005,0.000289919,0.000290157,87.006
2.19346e-005,0.000288488,0.000289442,85.608
1.9312e-005,0.00028825,0.000288965,86.166
2.47956e-005,0.000282766,0.000283958,84.954
2.26499e-005,0.000282289,0.000283243,85.416
2.26499e-005,0.000276091,0.000277283,85.278
1.97889e-005,0.000280144,0.000280621,85.92
1.54973e-005,0.000279428,0.000279905,86.79
1.33515e-005,0.00027919,0.000279428,87.234
1.14442e-005,0.000285389,0.000285627,87.696
1.62126e-005,0.000288012,0.000288488,86.754
2.0981e-005,0.000286104,0.000287058,85.806
2.31267e-005,0.000286819,0.000287773,85.386
2.12194e-005,0.000284912,0.000285866,85.722
1.81199e-005,0.000281813,0.000282289,86.31
2.43188e-005,0.00027776,0.000278713,84.96
1.69278e-005,0.000278952,0.000279428,86.514
1.69278e-005,0.000273945,0.000274422,86.448
1.04905e-005,0.000281097,0.000281097,87.864
2.78951e-005,0.000283243,0.000284435,84.36
1.59742e-005,0.000286819,0.000287296,86.808
1.76431e-005,0.000290873,0.000291349,86.496
1.69278e-005,0.000280382,0.000280859,86.532
1.97889e-005,0.000287296,0.000288012,86.022
1.85968e-005,0.000284912,0.000285627,86.22
1.90736e-005,0.000278952,0.000279428,86.07
2.02657e-005,0.000280144,0.000280621,85.848
1.62126e-005,0.00027776,0.000278236,86.634
1.52589e-005,0.000278236,0.000278713,86.844
1.6451e-005,0.000275614,0.000276091,86.574
1.12057e-005,0.00028825,0.00028825,87.75
1.40668e-005,0.000288727,0.000288965,87.192
1.88352e-005,0.000288012,0.000288727,86.226
2.0981e-005,0.000287773,0.000288488,85.794
2.31267e-005,0.000280144,0.000281097,85.242
2.19346e-005,0.000283005,0.000283958,85.56
2.64646e-005,0.000279428,0.000280859,84.588
1.62126e-005,0.000274422,0.000275137,86.598
7.62945e-006,0.000276329,0.000276567,88.38
1.74047e-005,0.000281097,0.000281813,86.442
9.77522e-006,0.000282289,0.000282528,88.008
1.6451e-005,0.000289919,0.000290634,86.742
1.35899e-005,0.00028968,0.000289919,87.336
2.45572e-005,0.000280382,0.000281336,84.972
0,0.000254871,0.000254871,89.964
1.97889e-005,0.000276806,0.000277521,85.908
2.33651e-005,0.000280144,0.000281097,85.206
1.97889e-005,0.000277283,0.00027776,85.908
1.04905e-005,0.000278236,0.000278475,87.804
1.16826e-005,0.000281813,0.000282051,87.6
1.23978e-005,0.000274422,0.000274898,87.396
1.54973e-005,0.000284435,0.000284912,86.85
1.74047e-005,0.000281813,0.000282289,86.448
2.24115e-005,0.000287535,0.00028825,85.53
2.14578e-005,0.000286104,0.000286819,85.704
1.81199e-005,0.000275137,0.000275852,86.226
1.85968e-005,0.000281813,0.000282289,86.208
1.83583e-005,0.00027776,0.000278475,86.19
1.35899e-005,0.000276091,0.000276329,87.168
8.58313e-006,0.000280621,0.000280621,88.23
1.57357e-005,0.000283482,0.000283958,86.808
2.05041e-005,0.000287296,0.000287773,85.884
1.97889e-005,0.000286819,0.000287535,86.046
2.40804e-005,0.000289204,0.000290157,85.224
2.64646e-005,0.000281097,0.000282528,84.582
2.33651e-005,0.000281097,0.000282289,85.224
1.31131e-005,0.000272276,0.000272514,87.198
1.85968e-005,0.000274183,0.000274898,86.106
1.33515e-005,0.000279667,0.000280144,87.24
4.0293e-005,0.000295641,0.000298264,82.23
1.12057e-005,0.000284435,0.000284674,87.72
1.40668e-005,0.000287058,0.000287296,87.174
1.90736e-005,0.000287773,0.000288488,86.19
2.2173e-005,0.000286819,0.000287773,85.548
2.26499e-005,0.000282766,0.00028372,85.386
2.14578e-005,0.00027776,0.000278713,85.578
2.02657e-005,0.000276806,0.00027776,85.77
1.45436e-005,0.000280144,0.000280382,87.006
1.54973e-005,0.000279905,0.000280382,86.796
8.82155e-006,0.000278475,0.000278713,88.152
1.21594e-005,0.000287773,0.00028825,87.546
1.57357e-005,0.000290157,0.000290634,86.88
1.59742e-005,0.000290873,0.000291349,86.82
2.3842e-005,0.000287773,0.000288727,85.236
2.52725e-005,0.000286581,0.000287773,84.918
2.45572e-005,0.000280144,0.000281097,84.966
1.74047e-005,0.000278952,0.000279428,86.412
1.59742e-005,0.000278475,0.000278952,86.712
1.69278e-005,0.000277283,0.00027776,86.46
1.69278e-005,0.000278952,0.000279428,86.442
1.21594e-005,0.000289919,0.000290396,87.564
1.76431e-005,0.000283958,0.000284435,86.412
1.97889e-005,0.000288965,0.000289442,86.076
2.19346e-005,0.000287296,0.000288012,85.59
1.07289e-005,0.00027323,0.000273468,87.732
2.45572e-005,0.00027776,0.000278952,84.924
1.78815e-005,0.00027776,0.000278475,86.298
1.97889e-005,0.000279667,0.000280382,85.914
1.38283e-005,0.000276806,0.000277283,87.138
1.09673e-005,0.000285627,0.000285866,87.798
9.05996e-006,0.000287773,0.000287773,88.176
1.69278e-005,0.000288965,0.000289442,86.598
1.97889e-005,0.000285627,0.000286343,86.034
2.59877e-005,0.00028515,0.000286343,84.792
2.64646e-005,0.000280382,0.000281574,84.6
2.43188e-005,0.000280621,0.000281574,85.008
2.02657e-005,0.000277044,0.00027776,85.77
1.50204e-005,0.000278475,0.000278952,86.886
1.33515e-005,0.000280621,0.000280859,87.246
1.62126e-005,0.000285389,0.000285866,86.724
1.6451e-005,0.000287296,0.000287773,86.712
2.05041e-005,0.000290873,0.000291588,85.938
2.2173e-005,0.000286343,0.000287296,85.542
2.16962e-005,0.000281813,0.000282528,85.572
2.47956e-005,0.000279667,0.000280859,84.93
1.97889e-005,0.000279905,0.000280621,85.95
1.88352e-005,0.000275614,0.000276329,86.058
1.40668e-005,0.000282289,0.000282766,87.132
1.14442e-005,0.000285866,0.000286104,87.666
1.78815e-005,0.000282289,0.000282766,86.352
2.02657e-005,0.000296118,0.000296595,86.076
2.07425e-005,0.00028968,0.000290396,85.89
2.52725e-005,0.000278475,0.000279428,84.804
1.43052e-005,0.000278475,0.000278713,87.018
1.85968e-005,0.000281097,0.000281813,86.202
1.59742e-005,0.000283005,0.000283482,86.766
1.4782e-005,0.000281336,0.000281813,86.982
1.21594e-005,0.000283958,0.000284435,87.516
1.69278e-005,0.000287773,0.00028825,86.586
1.23978e-005,0.00028825,0.000288488,87.516
2.26499e-005,0.000287535,0.00028825,85.464
2.14578e-005,0.000282289,0.000283243,85.65
1.9312e-005,0.000278952,0.000279667,86.004
1.54973e-005,0.000279428,0.000280144,86.826
1.31131e-005,0.000288012,0.00028825,87.354
1.12057e-005,0.000286819,0.000287058,87.738
1.38283e-005,0.000286104,0.000286343,87.198
2.0981e-005,0.000289442,0.000290157,85.818
2.81335e-005,0.000287296,0.000288727,84.372
2.52725e-005,0.000282289,0.000283482,84.84
1.85968e-005,0.000277283,0.000277998,86.118
1.88352e-005,0.00027776,0.000278475,86.088
1.12057e-005,0.000282051,0.000282289,87.702
1.43052e-005,0.000282528,0.000282766,87.096
1.23978e-005,0.000286581,0.000286819,87.504
1.6451e-005,0.000287773,0.00028825,86.718
2.47956e-005,0.000280144,0.000281336,84.906
1.54973e-005,0.000283482,0.000283958,86.868
2.33651e-005,0.000277521,0.000278475,85.164
1.81199e-005,0.000276806,0.000277521,86.214
1.1921e-005,0.000281813,0.000282289,87.564
1.6451e-005,0.000291111,0.000291588,86.724
1.76431e-005,0.000287773,0.00028825,86.46
2.64646e-005,0.000292303,0.000293495,84.822
2.47956e-005,0.00028372,0.000284912,84.996
2.47956e-005,0.000281097,0.000282289,84.954
1.69278e-005,0.000281813,0.000282289,86.55
1.43052e-005,0.000277521,0.00027776,87.012
1.62126e-005,0.000283005,0.000283482,86.7
1.9312e-005,0.000285866,0.000286581,86.13
2.00273e-005,0.00028968,0.000290396,86.022
2.83719e-005,0.000287058,0.00028825,84.33
2.47956e-005,0.000286343,0.000287296,85.044
2.05041e-005,0.00027776,0.000278713,85.746
1.78815e-005,0.000281574,0.000282051,86.346
5.96049e-006,0.000281097,0.000281097,88.746
1.69278e-005,0.000287773,0.00028825,86.586
1.76431e-005,0.000290396,0.000290873,86.52
1.9312e-005,0.000281574,0.000282289,86.076
1.69278e-005,0.000279428,0.000279905,86.484
2.05041e-005,0.000282289,0.000283005,85.812
1.74047e-005,0.000278475,0.000278952,86.406
1.38283e-005,0.000278952,0.00027919,87.126
1.26362e-005,0.000282528,0.000282766,87.432
1.52589e-005,0.000290634,0.000291111,86.982
2.55109e-005,0.000287296,0.00028825,84.894
2.14578e-005,0.000284912,0.000285627,85.686
2.02657e-005,0.000283482,0.000283958,85.896
2.31267e-005,0.000281336,0.000282289,85.26
1.33515e-005,0.000282528,0.000282766,87.264
1.43052e-005,0.000284197,0.000284435,87.114
1.26362e-005,0.000288488,0.000288965,87.456
1.6451e-005,0.000290634,0.000291111,86.754
2.33651e-005,0.000289204,0.000290157,85.356
2.74183e-005,0.000284674,0.000286104,84.486
2.36036e-005,0.000279905,0.000280859,85.17
2.2173e-005,0.000278475,0.000279428,85.416
1.43052e-005,0.000276806,0.000277283,87.036
1.07289e-005,0.000278952,0.000278952,87.774
1.50204e-005,0.000285389,0.000285627,86.958
1.97889e-005,0.000288012,0.000288727,86.094
2.2173e-005,0.000288488,0.000289442,85.578
2.52725e-005,0.000286581,0.000287773,84.954
2.52725e-005,0.00027776,0.000278952,84.756
2.83719e-005,0.000282289,0.00028372,84.234
1.62126e-005,0.000280621,0.000281097,86.67
1.57357e-005,0.000280621,0.000281097,86.772
1.50204e-005,0.000286819,0.000287296,86.976
1.59742e-005,0.000288965,0.000289442,86.802
1.57357e-005,0.000286581,0.000287058,86.838
2.0981e-005,0.000279428,0.000280382,85.674
2.43188e-005,0.00028825,0.000289442,85.176
2.62262e-005,0.00028372,0.000284912,84.696
2.36036e-005,0.000276091,0.000277044,85.104
1.62126e-005,0.000280144,0.000280621,86.664
1.97889e-005,0.000282051,0.000282766,85.944
1.59742e-005,0.000285627,0.000286104,86.76
1.6451e-005,0.000288965,0.000289442,86.73
1.43052e-005,0.000289204,0.000289442,87.132
1.85968e-005,0.000291826,0.000292541,86.34
2.36036e-005,0.000286104,0.000287058,85.272
2.62262e-005,0.000282289,0.000283482,84.672
2.50341e-005,0.000282051,0.000283243,84.9
2.36036e-005,0.000279667,0.000280621,85.128
1.4782e-005,0.000280144,0.000280382,86.97
1.31131e-005,0.000281097,0.000281336,87.318
1.04905e-005,0.000284674,0.000284912,87.858
1.40668e-005,0.000287773,0.00028825,87.186
1.69278e-005,0.000289442,0.000289919,86.64
2.19346e-005,0.000291111,0.000292065,85.68
2.45572e-005,0.000288012,0.000288965,85.104
2.55109e-005,0.000281336,0.000282528,84.792
2.47956e-005,0.000279428,0.000280621,84.888
2.36036e-005,0.000281097,0.000282289,85.224
1.59742e-005,0.000280382,0.000280859,86.736
1.43052e-005,0.000283958,0.000284197,87.108
1.43052e-005,0.000284912,0.00028515,87.12
1.35899e-005,0.000286819,0.000287296,87.276
1.78815e-005,0.000286104,0.000286581,86.406
2.05041e-005,0.000288012,0.000288727,85.896
2.05041e-005,0.000288727,0.000289442,85.908
2.88488e-005,0.000289442,0.000291111,84.282
3.09946e-005,0.00027776,0.000279428,83.634
2.36036e-005,0.000278952,0.000279905,85.152
1.76431e-005,0.000284435,0.000284912,86.448
1.69278e-005,0.00028372,0.000284197,86.574
1.28747e-005,0.000278475,0.000278713,87.33
1.40668e-005,0.000283958,0.000284197,87.144
1.62126e-005,0.00028825,0.000288965,86.76
1.45436e-005,0.000287058,0.000287296,87.078
2.55109e-005,0.000288488,0.00028968,84.918
2.36036e-005,0.000290157,0.000291111,85.338
2.71798e-005,0.000284912,0.000286343,84.528
2.31267e-005,0.000279428,0.000280621,85.23
1.9312e-005,0.000274422,0.000275137,85.938
2.02657e-005,0.000280144,0.000280621,85.848
1.88352e-005,0.000278952,0.000279667,86.106
1.76431e-005,0.000286581,0.000287058,86.472
9.29838e-006,0.000285627,0.000285866,88.098
1.4782e-005,0.000288965,0.000289442,87.066
1.85968e-005,0.000287535,0.00028825,86.286
2.00273e-005,0.000286581,0.000287296,86.01
2.31267e-005,0.000288727,0.00028968,85.38
2.26499e-005,0.000286343,0.000287296,85.476
2.90872e-005,0.000276091,0.000277521,83.97
2.59877e-005,0.000278713,0.000279905,84.636
2.02657e-005,0.000282289,0.000283005,85.848
1.52589e-005,0.000276806,0.000277283,86.832
1.16826e-005,0.000284912,0.000284912,87.624
1.38283e-005,0.000287296,0.000287535,87.246
1.26362e-005,0.000293495,0.000293972,87.498
1.21594e-005,0.000286819,0.000287296,87.576
1.90736e-005,0.000289919,0.000290634,86.22
2.57493e-005,0.000295641,0.000296833,85.008
2.02657e-005,0.000284197,0.000284912,85.908
2.47956e-005,0.00028515,0.000286104,85.026
2.05041e-005,0.000280621,0.000281336,85.788
2.16962e-005,0.000278952,0.000279667,85.524
2.28883e-005,0.000282766,0.000283958,85.356
1.4782e-005,0.000280144,0.000280382,86.97
1.31131e-005,0.000279428,0.000279667,87.306
1.31131e-005,0.000288012,0.00028825,87.384
1.6451e-005,0.00028825,0.000288965,86.694
1.9312e-005,0.000292541,0.000293257,86.22
1.95504e-005,0.000293257,0.000293972,86.166
1.97889e-005,0.000277044,0.00027776,85.908
2.36036e-005,0.000283005,0.000283958,85.224
2.07425e-005,0.000279667,0.000280621,85.74
1.97889e-005,0.000280144,0.000280621,85.92
1.74047e-005,0.000280859,0.000281336,86.436
1.26362e-005,0.000277044,0.000277283,87.348
1.59742e-005,0.000286343,0.000286819,86.802
1.57357e-005,0.000284912,0.000285627,86.82
1.81199e-005,0.000286819,0.000287535,86.346
1.76431e-005,0.000295164,0.000295641,86.544
2.12194e-005,0.000292541,0.000293257,85.83
2.14578e-005,0.000286343,0.000287296,85.674
2.24115e-005,0.000289442,0.000290157,85.554
2.24115e-005,0.000281813,0.000282766,85.44
2.16962e-005,0.000278713,0.000279428,85.524
1.4782e-005,0.000276091,0.000276567,86.928
1.09673e-005,0.000275375,0.000275614,87.714
1.4782e-005,0.000281336,0.000281813,86.982
1.52589e-005,0.000283482,0.000283958,86.904
1.35899e-005,0.000286343,0.000286581,87.27
1.16826e-005,0.000292065,0.000292303,87.684
2.12194e-005,0.00028825,0.000289204,85.77
2.2173e-005,0.000287773,0.000288488,85.566
2.47956e-005,0.000286581,0.000287773,85.014
2.33651e-005,0.000286819,0.000287773,85.32
1.78815e-005,0.000282289,0.000282766,86.352
2.31267e-005,0.000276567,0.000277521,85.212
1.76431e-005,0.000277283,0.00027776,86.322
1.52589e-005,0.00027919,0.000279667,86.856
1.07289e-005,0.000282289,0.000282528,87.804
1.43052e-005,0.00028825,0.000288488,87.156
1.26362e-005,0.000287296,0.000287535,87.474
1.81199e-005,0.000290634,0.000291111,86.424
1.81199e-005,0.000290396,0.000290873,86.424
1.23978e-005,0.000286104,0.000286581,87.498
2.2173e-005,0.000286104,0.000287058,85.542
2.36036e-005,0.00028968,0.000290634,85.302
2.00273e-005,0.000282528,0.000283243,85.92
1.85968e-005,0.000281813,0.000282289,86.208
1.69278e-005,0.000277521,0.000277998,86.46
1.78815e-005,0.000283958,0.000284435,86.376
1.07289e-005,0.000282051,0.000282289,87.804
1.09673e-005,0.000287773,0.000287773,87.78
1.07289e-005,0.000285866,0.000286104,87.834
1.54973e-005,0.000287296,0.000287773,86.88
1.6451e-005,0.000286104,0.000286581,86.7
2.14578e-005,0.000289204,0.000289919,85.752
2.33651e-005,0.000288965,0.000289919,85.35
2.55109e-005,0.000280144,0.000281336,84.768
2.86103e-005,0.000279905,0.000281336,84.156
1.69278e-005,0.000281097,0.000281574,86.538
1.85968e-005,0.000277044,0.00027776,86.148
1.6451e-005,0.000280382,0.000281097,86.634
1.21594e-005,0.000282528,0.000282766,87.534
1.38283e-005,0.000280144,0.000280621,87.174
1.14442e-005,0.000281097,0.000281336,87.624
1.4782e-005,0.000287773,0.00028825,87.054
1.81199e-005,0.000288012,0.000288488,86.358
1.74047e-005,0.000290157,0.000290634,86.55
2.07425e-005,0.000285866,0.000286581,85.836
2.28883e-005,0.000283958,0.000284912,85.374
1.97889e-005,0.000282766,0.000283482,85.956
1.90736e-005,0.000279428,0.000280144,86.076
2.07425e-005,0.000277283,0.000278236,85.704
9.77522e-006,0.000280144,0.000280382,87.96
1.21594e-005,0.000281336,0.000281813,87.528
1.16826e-005,0.000280859,0.000281097,87.588
1.4782e-005,0.000284435,0.000284674,86.982
1.52589e-005,0.000284435,0.000284674,86.916
2.02657e-005,0.000286104,0.000286581,85.938
2.14578e-005,0.000287058,0.000287773,85.716
1.83583e-005,0.000286581,0.000287296,86.31
2.55109e-005,0.000282528,0.00028372,84.81
2.0981e-005,0.00027919,0.000280144,85.668
2.07425e-005,0.000279428,0.000280382,85.74
1.43052e-005,0.000280859,0.000281097,87.078
1.45436e-005,0.000284197,0.000284435,87.048
1.31131e-005,0.000283958,0.000284435,87.312
1.40668e-005,0.000287773,0.000288012,87.18
1.40668e-005,0.000287773,0.000288012,87.18
2.14578e-005,0.000288965,0.000289919,85.716
1.88352e-005,0.000291826,0.000292541,86.28
2.12194e-005,0.000288965,0.000289919,85.782
2.64646e-005,0.000283958,0.000284912,84.666
2.40804e-005,0.000282289,0.000283243,85.104
2.00273e-005,0.000281574,0.000282289,85.908
1.69278e-005,0.000276091,0.000276806,86.448
1.81199e-005,0.000277044,0.00027776,86.25
1.54973e-005,0.000278952,0.000279428,86.82
1.43052e-005,0.000281574,0.000281813,87.054
1.40668e-005,0.000284912,0.000285389,87.156
1.6451e-005,0.000282289,0.000282766,86.652
2.05041e-005,0.000288965,0.000289442,85.908
1.57357e-005,0.000286343,0.000286819,86.838
2.14578e-005,0.000285627,0.000286581,85.662
2.9564e-005,0.000282528,0.000283958,84.006
2.50341e-005,0.000279667,0.000280859,84.858
1.95504e-005,0.000280382,0.000281097,85.992
1.95504e-005,0.000275375,0.000276091,85.92
1.6451e-005,0.000277283,0.00027776,86.592
2.26499e-005,0.000292303,0.000293018,85.566
1.40668e-005,0.000286819,0.000287296,87.174
1.35899e-005,0.000288012,0.00028825,87.288
1.83583e-005,0.00028825,0.000288965,86.334
1.85968e-005,0.000288488,0.000289204,86.268
2.36036e-005,0.000285627,0.000286581,85.236
2.50341e-005,0.000288965,0.000290157,85.026
2.45572e-005,0.000278952,0.000280144,84.948
2.02657e-005,0.000280144,0.000280621,85.812
1.78815e-005,0.000276329,0.000277044,86.274
1.59742e-005,0.000277283,0.00027776,86.664
1.26362e-005,0.000282766,0.000283005,87.402
1.59742e-005,0.000281813,0.000282289,86.754
1.14442e-005,0.000287296,0.000287535,87.708
1.54973e-005,0.000287773,0.00028825,86.886
1.6451e-005,0.000286581,0.000287296,86.676
2.00273e-005,0.000290396,0.000291111,86.028
2.43188e-005,0.000288727,0.00028968,85.182
2.64646e-005,0.000275614,0.000276806,84.51
2.59877e-005,0.000276091,0.000277283,84.618
1.88352e-005,0.000281336,0.000282051,86.136
1.6451e-005,0.000280621,0.000281097,86.598
9.77522e-006,0.000281097,0.000281336,87.966
1.21594e-005,0.000281097,0.000281574,87.492
9.29838e-006,0.00028968,0.000289919,88.158
2.59877e-005,0.000282289,0.000283482,84.738
1.81199e-005,0.000288965,0.000289442,86.406
1.81199e-005,0.000288488,0.000288965,86.4
2.3842e-005,0.000286581,0.000287535,85.212
2.3842e-005,0.000281813,0.000282766,85.134
2.43188e-005,0.000278475,0.000279428,84.972
2.0981e-005,0.000275614,0.000276329,85.644
1.33515e-005,0.000273468,0.000273706,87.174
1.52589e-005,0.000280621,0.000281097,86.874
1.31131e-005,0.000283482,0.000283958,87.342
1.00136e-005,0.000284435,0.000284674,87.954
1.38283e-005,0.00028968,0.000289919,87.27
1.9312e-005,0.000288965,0.00028968,86.142
2.19346e-005,0.000288012,0.000288965,85.632
2.74183e-005,0.000285866,0.000287296,84.51
2.3842e-005,0.000279667,0.000280621,85.098
2.14578e-005,0.00027776,0.000278713,85.542
1.69278e-005,0.000275375,0.000275852,86.502
1.57357e-005,0.000280144,0.000280621,86.766
1.52589e-005,0.000279667,0.000280144,86.862
1.9312e-005,0.000283958,0.000284674,86.106
1.43052e-005,0.000286104,0.000286581,87.132
1.1921e-005,0.000287058,0.000287296,87.606
1.9312e-005,0.000285389,0.000286104,86.094
2.31267e-005,0.000285866,0.000286819,85.368
1.85968e-005,0.000277998,0.000278713,86.124
2.02657e-005,0.00027919,0.000279905,85.836
2.19346e-005,0.000277283,0.000278236,85.434
1.95504e-005,0.000276806,0.000277283,85.938
1.90736e-005,0.000278952,0.000279428,86.07
1.38283e-005,0.000280621,0.000280859,87.18
1.38283e-005,0.000287773,0.00028825,87.252
1.40668e-005,0.000281574,0.000281813,87.12
1.4782e-005,0.000282289,0.000282766,86.958
2.0981e-005,0.000286343,0.000287296,85.776
2.12194e-005,0.000285627,0.000286343,85.728
2.36036e-005,0.000284912,0.000285866,85.218
2.47956e-005,0.000278952,0.000280144,84.918
2.36036e-005,0.00027776,0.000278952,85.098
2.0981e-005,0.000278236,0.000278952,85.65
1.83583e-005,0.000280144,0.000280621,86.22
1.40668e-005,0.000283958,0.000284435,87.144
1.21594e-005,0.000282766,0.000283005,87.54
1.35899e-005,0.000281574,0.000281813,87.222
1.43052e-005,0.000287296,0.000287773,87.144
1.97889e-005,0.000287296,0.000288012,86.052
2.36036e-005,0.000286343,0.000287296,85.248
2.14578e-005,0.000286581,0.000287296,85.71
2.02657e-005,0.000280621,0.000281097,85.824
1.85968e-005,0.00027323,0.000273945,86.094
1.71663e-005,0.000281813,0.000282289,86.478
1.26362e-005,0.000278475,0.000278952,87.396
8.82155e-006,0.000282766,0.000282766,88.176
1.45436e-005,0.000286819,0.000287296,87.072
1.66894e-005,0.000285627,0.000286104,86.628
1.43052e-005,0.000290873,0.000291111,87.15
2.45572e-005,0.000290634,0.000291588,85.146
2.59877e-005,0.000283482,0.000284435,84.726
3.02793e-005,0.000282766,0.000284435,83.85
2.40804e-005,0.000279905,0.000280859,85.068
2.16962e-005,0.000279905,0.000280621,85.542
1.74047e-005,0.000274898,0.000275375,86.358
1.23978e-005,0.000282289,0.000282528,87.462
1.50204e-005,0.000279667,0.000280144,86.898
1.69278e-005,0.000287296,0.000287773,86.616
1.52589e-005,0.000289919,0.000290157,86.976
1.66894e-005,0.000288488,0.000288965,86.664
2.47956e-005,0.00028825,0.000289204,85.08
2.0981e-005,0.000285389,0.000286104,85.794
2.28883e-005,0.000285627,0.000286581,85.398
2.52725e-005,0.000278475,0.000279667,84.804
2.24115e-005,0.000278475,0.00027919,85.38
1.81199e-005,0.000278475,0.000278952,86.232
1.85968e-005,0.000278236,0.000278952,86.166
1.66894e-005,0.000284435,0.000284912,86.616
2.40804e-005,0.000287296,0.00028825,85.194
1.21594e-005,0.000278475,0.000278952,87.498
1.90736e-005,0.000285627,0.000286343,86.166
2.05041e-005,0.000288012,0.000288727,85.896
2.0981e-005,0.000287773,0.000288727,85.794
2.52725e-005,0.000289919,0.000291111,85.008
2.62262e-005,0.000280382,0.000281574,84.636
2.43188e-005,0.000279428,0.000280621,85.026
2.14578e-005,0.000274422,0.000275375,85.488
1.88352e-005,0.000278475,0.00027919,86.1
1.52589e-005,0.000279905,0.000280382,86.868
1.76431e-005,0.000274422,0.000274898,86.28
1.28747e-005,0.00028515,0.000285627,87.39
1.54973e-005,0.000288488,0.000288965,86.892
8.82155e-006,0.000285389,0.000285627,88.194
1.62126e-005,0.000286104,0.000286581,86.73
2.14578e-005,0.000285389,0.000286104,85.692
2.52725e-005,0.000287535,0.000288727,84.966
2.05041e-005,0.000280621,0.000281336,85.788
2.64646e-005,0.000280621,0.000281813,84.606
2.31267e-005,0.000276329,0.000277283,85.176
2.26499e-005,0.000274898,0.000275852,85.254
1.71663e-005,0.00028825,0.000288965,86.562
2.19346e-005,0.000270845,0.000271799,85.362
2.02657e-005,0.000273468,0.000274422,85.716
1.28747e-005,0.000284912,0.00028515,87.39
1.38283e-005,0.000288965,0.000289442,87.264
1.62126e-005,0.000285389,0.000285866,86.724
9.29838e-006,0.000287296,0.000287296,88.104
1.66894e-005,0.000284912,0.000285389,86.616
1.54973e-005,0.000286819,0.000287296,86.91
2.00273e-005,0.000283958,0.000284435,85.938
2.02657e-005,0.000292065,0.00029278,86.022
2.05041e-005,0.000290396,0.000291111,85.932
2.47956e-005,0.000284912,0.000286104,84.984
2.36036e-005,0.000285627,0.000286581,85.23
2.43188e-005,0.000283005,0.000283958,85.056
2.52725e-005,0.000280621,0.000281813,84.84
2.05041e-005,0.000278952,0.000279905,85.764
2.14578e-005,0.000281574,0.000282289,85.638
1.6451e-005,0.000281813,0.000282289,86.646
1.76431e-005,0.000281097,0.000281574,86.37
1.43052e-005,0.000275137,0.000275375,87.018
1.52589e-005,0.000281336,0.000281813,86.88
1.45436e-005,0.000284435,0.000284674,87.048
1.4782e-005,0.000283005,0.000283482,87
1.23978e-005,0.000283243,0.000283482,87.474
1.4782e-005,0.000286581,0.000286819,87.036
1.50204e-005,0.00028825,0.000288727,86.988
1.38283e-005,0.000285627,0.000286104,87.228
2.24115e-005,0.000282528,0.000283482,85.446
2.52725e-005,0.000275137,0.000276329,84.708
2.19346e-005,0.000293257,0.00029421,85.68
2.43188e-005,0.000286581,0.000287773,85.116
2.52725e-005,0.000284674,0.000285866,84.882
1.74047e-005,0.000291111,0.000291588,86.562
2.47956e-005,0.000282766,0.000283958,84.984
2.76567e-005,0.000280621,0.000282051,84.372
2.02657e-005,0.00027776,0.000278713,85.782
2.33651e-005,0.000277044,0.000277998,85.152
2.14578e-005,0.00027776,0.000278475,85.542
1.69278e-005,0.000275137,0.000275614,86.43
2.02657e-005,0.000276806,0.000277521,85.8
1.52589e-005,0.000280859,0.000281336,86.874
1.40668e-005,0.000279905,0.000280144,87.102
1.21594e-005,0.00028515,0.000285627,87.558
1.81199e-005,0.000283482,0.000283958,86.334
1.76431e-005,0.000293257,0.000293734,86.52
1.57357e-005,0.000284912,0.000285627,86.82
1.88352e-005,0.000287535,0.00028825,86.22
1.23978e-005,0.000289442,0.00028968,87.528
1.85968e-005,0.000287296,0.000288012,86.286
2.07425e-005,0.000292541,0.000293257,85.926
2.52725e-005,0.000289919,0.000291111,84.972
1.85968e-005,0.000289919,0.000290634,86.286
1.40668e-005,0.000279428,0.000279667,87.096
2.0981e-005,0.000282766,0.000283482,85.722
2.47956e-005,0.00028515,0.000286343,84.99
1.90736e-005,0.000282766,0.000283482,86.124
1.97889e-005,0.000276567,0.000277283,85.866
2.33651e-005,0.000279428,0.000280621,85.194
2.0981e-005,0.000275852,0.000276806,85.614
1.76431e-005,0.000272753,0.000273468,86.298
1.9312e-005,0.000280621,0.000281097,86.058
1.59742e-005,0.000281097,0.000281813,86.712
1.45436e-005,0.000280144,0.000280621,87.006
1.81199e-005,0.000282528,0.000283243,86.286
1.38283e-005,0.000283482,0.00028372,87.204
1.16826e-005,0.000284435,0.000284674,87.618
1.74047e-005,0.000286104,0.000286581,86.502
1.26362e-005,0.000282051,0.000282289,87.432
7.62945e-006,0.000293734,0.000293972,88.476
1.40668e-005,0.000289919,0.000290157,87.204
1.33515e-005,0.000289204,0.000289442,87.33
1.81199e-005,0.000287058,0.000287535,86.382
2.55109e-005,0.000291588,0.00029278,84.972
2.86103e-005,0.000293018,0.000294449,84.384
2.24115e-005,0.000282766,0.00028372,85.452
2.74183e-005,0.000279428,0.000280859,84.384
2.50341e-005,0.000290873,0.000292065,85.056
2.05041e-005,0.000276329,0.000277283,85.728
1.85968e-005,0.000278952,0.000279428,86.172
2.05041e-005,0.000284435,0.00028515,85.848
1.83583e-005,0.000277521,0.000278236,86.19
2.19346e-005,0.000276806,0.000277521,85.458
2.31267e-005,0.000279428,0.000280382,85.26
1.9312e-005,0.000283243,0.000283958,86.064
2.07425e-005,0.000280144,0.000280859,85.746
2.3842e-005,0.000278952,0.000279905,85.08
1.31131e-005,0.000277521,0.00027776,87.252
1.1921e-005,0.000284912,0.00028515,87.588
1.59742e-005,0.000281574,0.000282051,86.712
1.04905e-005,0.000278475,0.000278713,87.81
1.04905e-005,0.000283482,0.000283482,87.846
2.2173e-005,0.000281336,0.000282289,85.464
2.43188e-005,0.00027919,0.000280144,84.984
1.97889e-005,0.000282289,0.000282766,85.98
1.57357e-005,0.000284912,0.000285389,86.82
1.6451e-005,0.000290634,0.000291111,86.748
2.0981e-005,0.000286343,0.000287296,85.776
1.9312e-005,0.000295402,0.000296118,86.256
2.3842e-005,0.000289442,0.000290634,85.266
2.26499e-005,0.000284674,0.000285627,85.416
2.50341e-005,0.00028515,0.000286343,84.96
2.47956e-005,0.000284912,0.000285866,85.02
2.2173e-005,0.000278236,0.000278952,85.41
2.43188e-005,0.000283482,0.000284435,85.098
2.36036e-005,0.000282289,0.000283243,85.176
2.0981e-005,0.000280621,0.000281336,85.722
2.05041e-005,0.000277998,0.000278952,85.752
1.88352e-005,0.00027466,0.000275375,86.046
1.95504e-005,0.000280859,0.000281574,85.998
1.57357e-005,0.000278475,0.000278952,86.748
1.95504e-005,0.000282528,0.000283243,86.022
6.67575e-006,0.000281097,0.000281097,88.608
1.6451e-005,0.000286104,0.000286581,86.664
1.26362e-005,0.000280621,0.000280859,87.414
1.45436e-005,0.000281813,0.000282289,87.024
1.74047e-005,0.000289919,0.000290634,86.55
1.00136e-005,0.000291349,0.000291588,88.002
1.52589e-005,0.000288727,0.000288965,86.964
2.02657e-005,0.000289442,0.000289919,85.95
2.36036e-005,0.000293972,0.000294926,85.398
2.50341e-005,0.00028825,0.000289442,85.014
2.52725e-005,0.000287296,0.00028825,84.93
2.98024e-005,0.000283482,0.000284912,83.964
2.14578e-005,0.000282051,0.000282766,85.644
2.47956e-005,0.000284197,0.000285389,84.972
2.47956e-005,0.000281574,0.000282766,84.93
2.02657e-005,0.000283243,0.000283958,85.896
1.16826e-005,0.000275375,0.000275614,87.54
1.54973e-005,0.000283958,0.000284435,86.88
1.69278e-005,0.000280621,0.000281097,86.532
1.31131e-005,0.000279428,0.000279905,87.306
1.07289e-005,0.000277521,0.00027776,87.768
1.07289e-005,0.000284912,0.00028515,87.822
1.54973e-005,0.000289919,0.000290396,86.91
1.26362e-005,0.000289442,0.00028968,87.498
2.2173e-005,0.000287773,0.000288727,85.566
9.05996e-006,0.000287773,0.000287773,88.176
2.02657e-005,0.000289919,0.000290634,85.992
2.02657e-005,0.000289919,0.000290634,85.956
1.9312e-005,0.000295402,0.000296118,86.256
2.28883e-005,0.000289919,0.000290873,85.47
2.14578e-005,0.000285866,0.000286581,85.698
2.47956e-005,0.000281097,0.000282289,84.954
2.52725e-005,0.000286104,0.000287296,84.906
1.88352e-005,0.000283958,0.000284674,86.172
2.31267e-005,0.000281097,0.000282051,85.29
2.0981e-005,0.000274422,0.000275375,85.626
2.16962e-005,0.000275852,0.000276806,85.476
1.59742e-005,0.000277044,0.000277521,86.658
1.59742e-005,0.000283005,0.000283482,86.73
1.4782e-005,0.000281813,0.000282051,86.952
1.07289e-005,0.000279667,0.000279905,87.786
2.36036e-005,0.000291588,0.000292541,85.362
1.57357e-005,0.000288727,0.000289204,86.862
1.4782e-005,0.000293495,0.000293972,87.078
1.59742e-005,0.00028968,0.000290157,86.838
2.47956e-005,0.00029731,0.000298264,85.23
2.62262e-005,0.00028515,0.000286343,84.726
2.36036e-005,0.00027919,0.000280144,85.122
2.14578e-005,0.000285627,0.000286581,85.662
2.14578e-005,0.000289442,0.000290157,85.752
2.24115e-005,0.000283958,0.000284912,85.476
1.50204e-005,0.000285389,0.000285627,86.958
1.9312e-005,0.000280859,0.000281574,86.064
1.21594e-005,0.000286343,0.000286581,87.534
1.54973e-005,0.000277998,0.000278475,86.778
1.4782e-005,0.000282766,0.000283005,86.964
1.62126e-005,0.00027919,0.000279667,86.652
1.90736e-005,0.000286819,0.000287535,86.178
1.85968e-005,0.00028968,0.000290396,86.28
1.78815e-005,0.000288727,0.000289204,86.436
1.59742e-005,0.000287296,0.000287773,86.784
1.90736e-005,0.000284912,0.000285627,86.154
2.0981e-005,0.000289919,0.000290634,85.824
2.07425e-005,0.000284912,0.000285627,85.818
2.19346e-005,0.000290157,0.000291111,85.668
2.50341e-005,0.000283958,0.00028515,84.936
1.52589e-005,0.000282528,0.000282766,86.892
1.97889e-005,0.000280621,0.000281336,85.962
1.45436e-005,0.00027919,0.000279428,86.994
1.9312e-005,0.000278713,0.000279428,86.034
2.12194e-005,0.000281813,0.000282766,85.674
1.59742e-005,0.000280382,0.000280859,86.736
1.6451e-005,0.000279667,0.000280144,86.592
1.6451e-005,0.000281097,0.000281813,86.64
1.59742e-005,0.000282289,0.000282766,86.724
1.26362e-005,0.000282766,0.000283243,87.438
1.00136e-005,0.000288488,0.000288727,87.984
1.4782e-005,0.00028372,0.000283958,86.976
1.4782e-005,0.000288727,0.000288965,87.03
1.88352e-005,0.000291349,0.000292065,86.268
1.90736e-005,0.000286819,0.000287535,86.178
2.14578e-005,0.000285627,0.000286581,85.698
1.90736e-005,0.000288965,0.00028968,86.208
2.31267e-005,0.000286104,0.000287296,85.374
2.47956e-005,0.000281813,0.000283005,84.936
2.02657e-005,0.000280144,0.000280859,85.884
1.81199e-005,0.000275614,0.000276091,86.232
1.21594e-005,0.000278475,0.000278713,87.498
1.59742e-005,0.00027776,0.000278475,86.706
1.12057e-005,0.000279428,0.000279428,87.678
1.23978e-005,0.000277283,0.00027776,87.42
1.54973e-005,0.000288012,0.00028825,86.922
1.57357e-005,0.000293018,0.000293495,86.91
1.71663e-005,0.000285866,0.000286343,86.532
1.71663e-005,0.000286104,0.000286581,86.502
1.90736e-005,0.000284435,0.000284912,86.148
2.0981e-005,0.000287296,0.000288012,85.788
2.31267e-005,0.000286104,0.000287058,85.374
2.24115e-005,0.000286581,0.000287535,85.512
2.12194e-005,0.000275852,0.000276806,85.578
2.02657e-005,0.000281813,0.000282289,85.842
1.85968e-005,0.000282051,0.000282766,86.214
1.62126e-005,0.000281336,0.000281813,86.676
1.66894e-005,0.00027776,0.000278236,86.532
1.14442e-005,0.000281813,0.000282051,87.666
1.38283e-005,0.000284912,0.000285389,87.192
1.31131e-005,0.00028515,0.000285627,87.324
1.71663e-005,0.000283958,0.000284435,86.508
1.9312e-005,0.000286104,0.000286819,86.136
2.31267e-005,0.000284197,0.00028515,85.344
2.28883e-005,0.000283243,0.000284197,85.362
1.88352e-005,0.000277998,0.000278713,86.094
1.52589e-005,0.000281574,0.000282051,86.886
1.78815e-005,0.000280144,0.000280621,86.322
1.38283e-005,0.000278475,0.000278713,87.12
9.77522e-006,0.000282289,0.000282289,87.972
2.76567e-005,0.000289204,0.000290634,84.534
9.77522e-006,0.000289204,0.000289442,88.02
1.85968e-005,0.000284435,0.000284912,86.244
1.66894e-005,0.000291111,0.000291588,86.688
2.33651e-005,0.000289442,0.000290396,85.362
1.95504e-005,0.000286343,0.000287058,86.076
1.81199e-005,0.000283958,0.000284674,86.31
2.24115e-005,0.000280621,0.000281336,85.452
1.6451e-005,0.000277283,0.00027776,86.562
1.45436e-005,0.000275375,0.000275614,86.952
1.38283e-005,0.000282289,0.000282528,87.162
1.23978e-005,0.000275614,0.000276091,87.408
7.15259e-006,0.000285866,0.000286104,88.566
1.43052e-005,0.000286819,0.000287296,87.138
1.6451e-005,0.000285389,0.000285866,86.694
1.81199e-005,0.000282528,0.000283005,86.322
2.19346e-005,0.000284912,0.000285627,85.554
2.31267e-005,0.000282051,0.000283005,85.308
1.95504e-005,0.000278713,0.000279428,85.968
2.2173e-005,0.000280859,0.000281813,85.458
1.38283e-005,0.000278475,0.000278713,87.156
1.23978e-005,0.000281336,0.000281813,87.456
8.10629e-006,0.000281097,0.000281097,88.338
1.43052e-005,0.00028825,0.000288488,87.156
1.26362e-005,0.000283958,0.000284435,87.414
2.12194e-005,0.00027776,0.000278713,85.614
2.36036e-005,0.000284674,0.000285627,85.218
2.07425e-005,0.00028825,0.000288965,85.866
2.45572e-005,0.000281097,0.000282051,84.984
2.28883e-005,0.000276806,0.00027776,85.254
1.62126e-005,0.000276329,0.000276806,86.616
1.33515e-005,0.00027919,0.000279428,87.234
1.54973e-005,0.000279667,0.000280144,86.832
1.07289e-005,0.000281336,0.000281574,87.798
1.14442e-005,0.000287296,0.000287535,87.678
1.57357e-005,0.000286104,0.000286581,86.832
2.02657e-005,0.000293734,0.000294449,86.04
1.9312e-005,0.00028825,0.000288965,86.13
2.0981e-005,0.000282766,0.00028372,85.758
2.26499e-005,0.00027919,0.000280144,85.326
1.69278e-005,0.00027323,0.000273706,86.406
2.19346e-005,0.000278475,0.000279428,85.488
1.33515e-005,0.000278952,0.00027919,87.228
1.52589e-005,0.00027919,0.000279667,86.856
1.02521e-005,0.000279428,0.000279428,87.882
1.4782e-005,0.000284435,0.000284912,86.982
8.58313e-006,0.000287058,0.000287296,88.272
2.0981e-005,0.000288012,0.000288965,85.83
1.9312e-005,0.000284912,0.000285627,86.124
2.74183e-005,0.000287058,0.00028825,84.528
1.9312e-005,0.000274898,0.000275614,85.98
1.83583e-005,0.000277998,0.000278713,86.196
1.90736e-005,0.000275137,0.000275852,86.016
1.81199e-005,0.000277044,0.00027776,86.214
1.38283e-005,0.000277998,0.000278475,87.156
1.81199e-005,0.000281574,0.000282289,86.31
1.04905e-005,0.000281336,0.000281574,87.828
1.57357e-005,0.000286581,0.000287296,86.838
1.69278e-005,0.000287296,0.000287773,86.616
2.02657e-005,0.000286819,0.000287535,85.95
1.6451e-005,0.000281574,0.000282051,86.646
2.36036e-005,0.000282766,0.00028372,85.182
2.50341e-005,0.000276806,0.00027776,84.804
1.88352e-005,0.000280382,0.000281097,86.124
1.69278e-005,0.000276567,0.000277044,86.448
1.71663e-005,0.000280144,0.000280621,86.46
1.43052e-005,0.000277283,0.000277521,87.006
1.54973e-005,0.000280859,0.000281336,86.844
1.6451e-005,0.000288965,0.000289442,86.73
1.40668e-005,0.000286819,0.000287296,87.174
1.45436e-005,0.000284912,0.000285389,87.054
2.0981e-005,0.000286104,0.000287058,85.77
2.36036e-005,0.000283005,0.000283958,85.188
2.2173e-005,0.000273706,0.000274422,85.338
2.26499e-005,0.000280382,0.000281097,85.38
2.02657e-005,0.000285627,0.000286104,85.926
1.33515e-005,0.000281813,0.000282289,87.258
1.52589e-005,0.000281336,0.000281813,86.88
1.12057e-005,0.000272991,0.00027323,87.624
1.26362e-005,0.000280144,0.000280382,87.378
1.38283e-005,0.000288965,0.000289204,87.228
1.31131e-005,0.000286104,0.000286343,87.33
1.97889e-005,0.000286104,0.000286581,86.034
2.55109e-005,0.000289204,0.000290396,84.93
2.26499e-005,0.000285627,0.000286343,85.428
2.14578e-005,0.00027919,0.000280144,85.566
1.71663e-005,0.000281813,0.000282289,86.478
2.26499e-005,0.000277283,0.000278475,85.296
2.14578e-005,0.000277998,0.000278952,85.578
1.59742e-005,0.000278475,0.000278952,86.712
1.43052e-005,0.000281097,0.000281574,87.048
1.4782e-005,0.000282766,0.000283243,87
1.85968e-005,0.000283482,0.000283958,86.196
1.76431e-005,0.000281813,0.000282289,86.382
2.24115e-005,0.000285627,0.000286581,85.5
2.36036e-005,0.000285389,0.000286343,85.26
2.59877e-005,0.000282528,0.00028372,84.708
2.69414e-005,0.000280144,0.000281336,84.498
1.59742e-005,0.000278475,0.000278952,86.676
1.97889e-005,0.000283005,0.00028372,85.992
1.59742e-005,0.000281097,0.000281574,86.706
1.28747e-005,0.000283958,0.000284197,87.378
1.40668e-005,0.000278952,0.000279428,87.096
1.38283e-005,0.000290396,0.000290634,87.24
2.07425e-005,0.000289204,0.000289919,85.884
2.31267e-005,0.000287773,0.000288965,85.404
2.86103e-005,0.000282289,0.00028372,84.204
2.86103e-005,0.000283958,0.000285389,84.204
2.55109e-005,0.000278952,0.000280144,84.744
1.81199e-005,0.00027776,0.000278475,86.262
1.76431e-005,0.000278236,0.000278713,86.37
1.83583e-005,0.000274898,0.000275614,86.148
1.6451e-005,0.000279428,0.000280144,86.586
1.31131e-005,0.000285389,0.000285627,87.36
1.57357e-005,0.000280382,0.000280859,86.772
1.95504e-005,0.000287773,0.00028825,86.088
1.9312e-005,0.000291588,0.000292303,86.172
2.26499e-005,0.000288965,0.00028968,85.518
2.24115e-005,0.000282289,0.000283005,85.446
2.81335e-005,0.000282051,0.000283482,84.264
2.14578e-005,0.00027466,0.000275614,85.524
1.9312e-005,0.000275614,0.000276329,85.992
1.1921e-005,0.000287058,0.000287296,87.606
1.52589e-005,0.000284912,0.00028515,86.922
1.09673e-005,0.000280621,0.000280621,87.72
1.85968e-005,0.000284197,0.000284912,86.244
1.33515e-005,0.000282766,0.000283005,87.27
1.97889e-005,0.000290396,0.000291111,86.064
2.26499e-005,0.000287296,0.00028825,85.494
2.52725e-005,0.000287296,0.000288488,84.93
2.98024e-005,0.000282289,0.000283958,83.934
2.43188e-005,0.000281574,0.000282528,85.026
2.19346e-005,0.000277044,0.00027776,85.428
2.0981e-005,0.000276806,0.00027776,85.632
1.81199e-005,0.000276091,0.000276806,86.202
1.43052e-005,0.000280144,0.000280621,87.072
1.31131e-005,0.000285627,0.000286104,87.33
1.81199e-005,0.000291111,0.000291588,86.4
2.19346e-005,0.000288488,0.000289442,85.644
2.14578e-005,0.000291588,0.00029278,85.758
2.43188e-005,0.000285866,0.000286819,85.134
3.19483e-005,0.000281813,0.000283482,83.49
1.9312e-005,0.00027919,0.000279905,86.04
2.40804e-005,0.000279428,0.000280621,85.062
2.14578e-005,0.000277044,0.00027776,85.53
1.45436e-005,0.000283243,0.000283482,87.036
1.1921e-005,0.000283243,0.000283482,87.576
1.54973e-005,0.000282289,0.000282766,86.856
1.52589e-005,0.000284912,0.00028515,86.922
1.69278e-005,0.000284912,0.000285627,86.556
2.0981e-005,0.000285389,0.000286104,85.794
2.36036e-005,0.000285627,0.000286581,85.236
2.2173e-005,0.000284435,0.00028515,85.512
2.52725e-005,0.000280859,0.000282051,84.816
2.31267e-005,0.000277521,0.000278475,85.194
2.14578e-005,0.000282766,0.000283482,85.65
1.52589e-005,0.000279428,0.000279905,86.862
1.50204e-005,0.000283958,0.000284197,86.94
1.43052e-005,0.000282289,0.000282528,87.096
1.43052e-005,0.000287058,0.000287296,87.144
1.81199e-005,0.000285627,0.000286104,86.364
2.02657e-005,0.000287535,0.00028825,85.956
2.36036e-005,0.00028515,0.000286104,85.26
2.26499e-005,0.000282528,0.000283482,85.416
2.26499e-005,0.000280144,0.000280859,85.374
1.95504e-005,0.000275852,0.000276567,85.926
1.95504e-005,0.000276567,0.000277283,85.932
1.28747e-005,0.000282528,0.000282766,87.366
1.23978e-005,0.000286104,0.000286343,87.498
1.54973e-005,0.000282766,0.000283482,86.832
2.16962e-005,0.00028825,0.000289204,85.674
2.24115e-005,0.000283958,0.000284674,85.47
2.14578e-005,0.000287058,0.000287773,85.686
2.26499e-005,0.000282289,0.000283243,85.416
2.62262e-005,0.000280621,0.000281813,84.642
2.12194e-005,0.000278952,0.000279667,85.626
1.31131e-005,0.000280621,0.000281097,87.318
1.52589e-005,0.000284435,0.000284674,86.916
1.50204e-005,0.000286581,0.000286819,86.97
1.62126e-005,0.000288965,0.000289442,86.766
2.14578e-005,0.000287296,0.00028825,85.692
2.45572e-005,0.000288012,0.000288965,85.104
2.36036e-005,0.000284435,0.000285627,85.212
2.19346e-005,0.000276329,0.000277283,85.452
2.19346e-005,0.000279428,0.000280144,85.464
1.76431e-005,0.000279905,0.000280382,86.388
1.45436e-005,0.000283243,0.000283482,87.036
1.45436e-005,0.000285389,0.000285627,87.06
1.35899e-005,0.000291588,0.000292065,87.318
1.95504e-005,0.000287773,0.00028825,86.088
2.45572e-005,0.000285389,0.000286343,85.062
2.14578e-005,0.000282289,0.000283005,85.614
2.2173e-005,0.000279428,0.000280382,85.434
2.2173e-005,0.000278475,0.00027919,85.416
2.12194e-005,0.000276329,0.000277283,85.59
2.02657e-005,0.000281336,0.000282051,85.836
1.54973e-005,0.000287535,0.000288012,86.916
1.95504e-005,0.000284435,0.000284912,86.046
1.81199e-005,0.000287058,0.000287535,86.382
2.47956e-005,0.000285866,0.000287058,85.002
2.28883e-005,0.000285389,0.000286343,85.392
2.28883e-005,0.000278475,0.000279428,85.284
2.26499e-005,0.000272753,0.000273945,85.218
1.50204e-005,0.000281574,0.000281813,86.916
1.59742e-005,0.000281813,0.000282289,86.718
1.54973e-005,0.000283482,0.000283958,86.838
1.71663e-005,0.000282528,0.000283005,86.49
2.2173e-005,0.000289442,0.000290157,85.59
2.36036e-005,0.000284912,0.000285866,85.254
2.81335e-005,0.000282766,0.000283958,84.282
2.19346e-005,0.000281097,0.000282051,85.494
1.97889e-005,0.00027919,0.000279905,85.908
1.74047e-005,0.000276806,0.000277283,86.382
1.81199e-005,0.000281097,0.000281813,86.304
1.4782e-005,0.000282766,0.000283243,87
1.07289e-005,0.000285627,0.000285866,87.828
1.54973e-005,0.000286104,0.000286581,86.868
2.07425e-005,0.000287773,0.000288727,85.86
2.31267e-005,0.000291111,0.000292303,85.422
2.31267e-005,0.000282528,0.000283482,85.284
2.43188e-005,0.000280859,0.000281813,85.05
1.21594e-005,0.000284674,0.000284912,87.522
1.9312e-005,0.000279667,0.000280382,86.046
1.76431e-005,0.000280859,0.000281336,86.37
1.54973e-005,0.000279905,0.000280382,86.796
1.45436e-005,0.000287296,0.000287535,87.078
1.6451e-005,0.000287773,0.00028825,86.718
1.97889e-005,0.000287773,0.000288488,86.028
2.47956e-005,0.000288965,0.000289919,85.056
2.26499e-005,0.000284912,0.000285866,85.422
2.28883e-005,0.000281813,0.000282766,85.338
2.59877e-005,0.000282289,0.000283482,84.702
2.47956e-005,0.000278236,0.000279428,84.9
1.78815e-005,0.000281574,0.000282051,86.346
1.9312e-005,0.000278713,0.000279428,86.034
1.38283e-005,0.000277998,0.000278475,87.12
1.6451e-005,0.00028515,0.000285627,86.688
1.69278e-005,0.000288727,0.000289204,86.634
1.81199e-005,0.000295164,0.000295641,86.478
2.0981e-005,0.000287535,0.00028825,85.794
2.05041e-005,0.000291111,0.000291588,85.938
1.85968e-005,0.000283482,0.000284197,86.202
2.50341e-005,0.000278952,0.000280144,84.846
2.05041e-005,0.000278713,0.000279428,85.764
2.26499e-005,0.000277283,0.000278475,85.332
1.66894e-005,0.000276329,0.000276806,86.514
9.29838e-006,0.000278475,0.000278475,88.08
1.09673e-005,0.000282528,0.000282766,87.774
1.14442e-005,0.000287773,0.000287773,87.714
1.09673e-005,0.000285627,0.000285627,87.792
1.81199e-005,0.00028825,0.000288727,86.394
1.81199e-005,0.000288012,0.000288488,86.394
2.12194e-005,0.000286581,0.000287535,85.746
1.97889e-005,0.000283482,0.000284197,86.004
2.16962e-005,0.000282528,0.000283482,85.584
2.12194e-005,0.000278952,0.000279667,85.626
1.81199e-005,0.000280144,0.000280621,86.292
1.62126e-005,0.000278952,0.000279428,86.652
1.38283e-005,0.000281336,0.000281813,87.156
1.1921e-005,0.000282766,0.000283243,87.57
1.40668e-005,0.000284435,0.000284912,87.15
2.07425e-005,0.000284912,0.000285866,85.824
1.9312e-005,0.000289442,0.000290157,86.184
2.19346e-005,0.000284435,0.000285389,85.578
2.33651e-005,0.000285389,0.000286343,85.296
1.97889e-005,0.000284435,0.00028515,85.98
2.2173e-005,0.000280859,0.000281813,85.458
1.09673e-005,0.000286104,0.000286104,87.768
1.59742e-005,0.000281097,0.000281813,86.742
1.45436e-005,0.000280621,0.000281097,87.012
1.45436e-005,0.000281574,0.000281813,87.018
1.52589e-005,0.000281813,0.000282289,86.886
1.66894e-005,0.000287058,0.000287535,86.646
1.69278e-005,0.000290873,0.000291349,86.622
1.38283e-005,0.000287058,0.000287296,87.21
1.97889e-005,0.000285389,0.000286104,86.028
2.62262e-005,0.000288012,0.000289204,84.78
2.33651e-005,0.000276329,0.000277283,85.14
2.40804e-005,0.000280859,0.000281813,85.086
2.0981e-005,0.00027776,0.000278475,85.644
1.83583e-005,0.000277521,0.000278236,86.19
2.12194e-005,0.000282766,0.000283482,85.686
1.26362e-005,0.000288012,0.00028825,87.45
1.26362e-005,0.000285627,0.000286104,87.432
1.50204e-005,0.000290157,0.000290634,87.012
1.66894e-005,0.000290157,0.000290634,86.682
1.88352e-005,0.000293257,0.000293972,86.292
1.85968e-005,0.000287773,0.00028825,86.256
1.85968e-005,0.000283005,0.00028372,86.196
1.81199e-005,0.000282289,0.000282766,86.316
2.07425e-005,0.000282289,0.000283243,85.782
2.0981e-005,0.000280382,0.000281097,85.686
2.02657e-005,0.000277283,0.000278236,85.776
1.69278e-005,0.000276806,0.000277283,86.454
1.69278e-005,0.000278952,0.000279428,86.484
1.62126e-005,0.000280382,0.000280859,86.664
1.4782e-005,0.000280144,0.000280382,86.934
1.6451e-005,0.000284912,0.000285389,86.652
1.62126e-005,0.000286581,0.000287296,86.742
2.02657e-005,0.00028968,0.000290396,85.956
2.02657e-005,0.000284912,0.000285627,85.89
2.24115e-005,0.000287296,0.000288012,85.524
2.14578e-005,0.000283482,0.000284197,85.632
2.52725e-005,0.000281097,0.000282289,84.852
2.07425e-005,0.000281336,0.000282289,85.77
2.05041e-005,0.000276806,0.000277521,85.728
1.81199e-005,0.00027776,0.000278475,86.226
1.9312e-005,0.000277044,0.00027776,86.01
1.97889e-005,0.000276806,0.000277521,85.872
1.43052e-005,0.000281097,0.000281336,87.084
1.1921e-005,0.000281574,0.000281813,87.558
1.85968e-005,0.000285389,0.000286104,86.256
1.57357e-005,0.000284912,0.000285389,86.82
1.62126e-005,0.000287773,0.00028825,86.754
1.81199e-005,0.00028515,0.000285866,86.358
2.45572e-005,0.000287296,0.00028825,85.098
2.33651e-005,0.000286581,0.000287535,85.314
2.55109e-005,0.000285627,0.000286581,84.864
2.57493e-005,0.000278952,0.000280144,84.708
2.24115e-005,0.000277044,0.00027776,85.362
2.24115e-005,0.00027919,0.000280144,85.398
1.76431e-005,0.000274898,0.000275375,86.322
1.9312e-005,0.000277044,0.00027776,86.01
1.88352e-005,0.000277283,0.000277998,86.082
1.69278e-005,0.000281097,0.000281574,86.508
1.57357e-005,0.000281813,0.000282289,86.784
1.52589e-005,0.000283482,0.00028372,86.904
1.57357e-005,0.000286581,0.000287058,86.838
1.6451e-005,0.000288488,0.000288965,86.73
2.07425e-005,0.000288488,0.000289442,85.872
1.90736e-005,0.000284912,0.000285627,86.154
2.24115e-005,0.000286581,0.000287296,85.512
2.0981e-005,0.000286581,0.000287296,85.776
2.02657e-005,0.000288012,0.000288727,85.962
2.36036e-005,0.000285627,0.000286581,85.266
2.19346e-005,0.000281097,0.000282051,85.53
2.57493e-005,0.000281813,0.000282766,84.762
2.19346e-005,0.000274422,0.000275375,85.422
2.55109e-005,0.000272276,0.000273468,84.612
1.81199e-005,0.000274898,0.000275614,86.184
1.78815e-005,0.00028825,0.000288965,86.43
1.57357e-005,0.000283958,0.000284435,86.808
1.57357e-005,0.000280144,0.000280621,86.766
1.21594e-005,0.000276806,0.000277044,87.45
1.43052e-005,0.000279905,0.000280144,87.036
1.43052e-005,0.00028372,0.000283958,87.108
1.12057e-005,0.000283243,0.000283482,87.708
1.31131e-005,0.000281574,0.000281813,87.288
1.26362e-005,0.000283482,0.000283958,87.444
1.09673e-005,0.000282051,0.000282289,87.732
1.85968e-005,0.000286343,0.000287058,86.274
1.1921e-005,0.000284912,0.000285389,87.588
1.43052e-005,0.00028968,0.000289919,87.138
1.88352e-005,0.000286104,0.000286819,86.202
2.07425e-005,0.000287773,0.000288488,85.86
2.36036e-005,0.000281813,0.000282766,85.17
2.26499e-005,0.00028515,0.000286104,85.428
2.47956e-005,0.000284435,0.000285389,85.014
2.07425e-005,0.000283005,0.000283958,85.794
2.40804e-005,0.000283482,0.000284435,85.128
2.64646e-005,0.000284435,0.000285627,84.678
2.59877e-005,0.000285627,0.000286581,84.798
2.02657e-005,0.000281097,0.000281813,85.866
1.83583e-005,0.000284912,0.000285627,86.286
2.43188e-005,0.000280621,0.000281574,85.044
2.31267e-005,0.000282289,0.000283482,85.314
2.26499e-005,0.00028372,0.000284435,85.434
2.02657e-005,0.000278475,0.000279428,85.794
2.24115e-005,0.000277283,0.000278236,85.362
2.19346e-005,0.000279428,0.000280144,85.5
1.45436e-005,0.000278475,0.000278713,86.988
1.66894e-005,0.000280621,0.000281097,86.568
1.90736e-005,0.000279905,0.000280621,86.082
1.66894e-005,0.000279667,0.000280144,86.556
1.43052e-005,0.000280859,0.000281097,87.048
1.69278e-005,0.000280144,0.000280621,86.496
1.76431e-005,0.000281097,0.000281574,86.37
1.59742e-005,0.000281097,0.000281813,86.712
1.54973e-005,0.00028372,0.000284197,86.838
1.45436e-005,0.00028372,0.000283958,87.042
1.69278e-005,0.000285627,0.000286104,86.562
1.57357e-005,0.000286581,0.000287058,86.838
1.16826e-005,0.000285627,0.000285627,87.63
1.26362e-005,0.00028515,0.000285627,87.426
2.0981e-005,0.000287296,0.00028825,85.788
1.81199e-005,0.000285866,0.000286343,86.364
1.69278e-005,0.000285627,0.000286104,86.562
1.90736e-005,0.000285866,0.000286581,86.166
2.02657e-005,0.000284912,0.000285627,85.92
1.90736e-005,0.000286819,0.000287535,86.178
1.9312e-005,0.000283482,0.000283958,86.064
2.52725e-005,0.000284435,0.000285627,84.912
1.97889e-005,0.000284197,0.000284912,86.01
2.52725e-005,0.000282528,0.00028372,84.876
2.0981e-005,0.000287773,0.000288488,85.794
1.9312e-005,0.000283243,0.000283958,86.094
3.00409e-005,0.000280144,0.000281813,83.856
2.2173e-005,0.000280621,0.000281574,85.452
2.6703e-005,0.000280382,0.000281813,84.534
2.36036e-005,0.000278475,0.000279428,85.146
2.24115e-005,0.000284435,0.000285389,85.482
2.83719e-005,0.000279905,0.000281336,84.186
2.33651e-005,0.000280621,0.000281813,85.218
2.31267e-005,0.000274422,0.000275375,85.176
2.45572e-005,0.000284912,0.000285866,85.05
2.00273e-005,0.000276567,0.000277283,85.83
2.0981e-005,0.000278236,0.000278952,85.65
1.9312e-005,0.000276806,0.000277521,85.974
1.76431e-005,0.000277998,0.000278475,86.334
2.16962e-005,0.000277521,0.000278475,85.506
2.2173e-005,0.00027776,0.000278475,85.404
2.12194e-005,0.000275852,0.000276806,85.578
1.33515e-005,0.000275137,0.000275375,87.192
1.43052e-005,0.000279428,0.000279905,87.03
1.40668e-005,0.000282289,0.000282766,87.132
1.43052e-005,0.000283005,0.000283482,87.066
1.74047e-005,0.000278952,0.000279428,86.412
1.76431e-005,0.000277283,0.00027776,86.322
1.57357e-005,0.000280144,0.000280621,86.766
1.88352e-005,0.000284912,0.000285627,86.184
1.54973e-005,0.000279428,0.000279905,86.826
1.59742e-005,0.000284197,0.000284674,86.748
1.31131e-005,0.000282289,0.000282528,87.33
1.52589e-005,0.000284435,0.000284674,86.916
1.6451e-005,0.000284197,0.000284674,86.676
1.38283e-005,0.000284435,0.000284912,87.186
1.69278e-005,0.000285627,0.000286104,86.562
1.66894e-005,0.000284912,0.000285627,86.622
1.74047e-005,0.000285866,0.000286343,86.496
1.88352e-005,0.000284435,0.000284912,86.178
1.62126e-005,0.000287058,0.000287535,86.742
1.69278e-005,0.000285627,0.000286104,86.598
1.69278e-005,0.000285627,0.000286104,86.562
1.66894e-005,0.000293018,0.000293495,86.712
1.54973e-005,0.000286581,0.000287296,86.874
1.95504e-005,0.000287296,0.000287773,86.082
1.97889e-005,0.000288012,0.000288727,86.064
1.85968e-005,0.000284197,0.000284912,86.208
1.43052e-005,0.000287773,0.000288012,87.114
2.19346e-005,0.000286104,0.000287058,85.572
2.36036e-005,0.000285866,0.000286819,85.236
1.97889e-005,0.000288965,0.00028968,86.076
2.12194e-005,0.000289204,0.000289919,85.782
2.05041e-005,0.000285627,0.000286343,85.866
2.36036e-005,0.00028825,0.000289204,85.308
1.81199e-005,0.00028825,0.000288727,86.364
2.52725e-005,0.000287773,0.000288965,84.942
2.24115e-005,0.000285866,0.000286581,85.5
2.69414e-005,0.000284435,0.000286104,84.552
2.14578e-005,0.000284674,0.000285627,85.68
2.47956e-005,0.000286104,0.000287296,85.008
2.19346e-005,0.000289442,0.000290157,85.62
1.88352e-005,0.000293495,0.00029421,86.298
2.0981e-005,0.000287773,0.000288488,85.794
2.64646e-005,0.000284674,0.000285866,84.648
2.31267e-005,0.00028515,0.000286104,85.29
2.36036e-005,0.000284674,0.000285627,85.254
2.71798e-005,0.000286104,0.000287296,84.54
2.33651e-005,0.00028372,0.000284674,85.266
2.40804e-005,0.000282051,0.000283005,85.104
2.90872e-005,0.000278713,0.000280144,83.994
1.76431e-005,0.000280144,0.000280621,86.394
2.59877e-005,0.000282766,0.000283958,84.714
2.6703e-005,0.000281097,0.000282289,84.546
1.97889e-005,0.000281336,0.000282051,85.938
2.31267e-005,0.000281574,0.000282528,85.266
2.07425e-005,0.000277283,0.000277998,85.704
2.02657e-005,0.000275614,0.000276329,85.746
2.55109e-005,0.000280144,0.000281097,84.762
2.31267e-005,0.000276567,0.000277521,85.176
2.74183e-005,0.000276091,0.000277283,84.312
2.16962e-005,0.000277283,0.000277998,85.5
2.62262e-005,0.00027776,0.000278952,84.582
2.26499e-005,0.000278475,0.000279428,85.35
1.76431e-005,0.000278713,0.00027919,86.376
1.83583e-005,0.000276567,0.000277283,86.172
2.26499e-005,0.000282528,0.000283482,85.38
1.35899e-005,0.000286104,0.000286343,87.264
1.50204e-005,0.000276567,0.000276806,86.862
3.81473e-006,0.000284435,0.000284435,89.226
1.6451e-005,0.000287296,0.000287773,86.712
1.59742e-005,0.000279428,0.000280144,86.724
1.43052e-005,0.000288727,0.000288965,87.162
1.59742e-005,0.000283958,0.000284435,86.778
1.85968e-005,0.00027919,0.000279905,86.178
1.6451e-005,0.000284912,0.000285389,86.652
1.4782e-005,0.000282766,0.000283243,87
1.50204e-005,0.000282766,0.000283005,86.928
1.43052e-005,0.000288012,0.00028825,87.15
1.59742e-005,0.000286343,0.000286819,86.802
2.02657e-005,0.000286104,0.000286581,85.902
2.12194e-005,0.000283482,0.000284435,85.698
1.54973e-005,0.000286581,0.000287058,86.904
1.88352e-005,0.00028825,0.000288965,86.232
1.43052e-005,0.00028515,0.000285627,87.09
2.31267e-005,0.000288727,0.00028968,85.416
2.00273e-005,0.000284674,0.000285389,85.95
2.43188e-005,0.000286343,0.000287296,85.146
2.26499e-005,0.000288488,0.000289442,85.476
2.05041e-005,0.000288488,0.000289204,85.908
2.47956e-005,0.000286104,0.000287296,85.008
2.24115e-005,0.00028825,0.000288965,85.536
2.43188e-005,0.00028372,0.000284674,85.068
1.66894e-005,0.000280382,0.000280859,86.562
1.95504e-005,0.000279667,0.000280382,85.98
2.24115e-005,0.000282289,0.000283243,85.446
2.36036e-005,0.000283482,0.000284435,85.194
2.24115e-005,0.000278475,0.000279428,85.386
2.31267e-005,0.000283243,0.000284197,85.326
2.26499e-005,0.000283958,0.000284674,85.404
2.31267e-005,0.000279905,0.000280859,85.272
2.0981e-005,0.000278952,0.000279905,85.662
2.19346e-005,0.000278952,0.000279667,85.494
2.02657e-005,0.000281813,0.000282528,85.878
2.14578e-005,0.000277044,0.00027776,85.53
2.19346e-005,0.000279428,0.000280382,85.47
2.07425e-005,0.000277998,0.000278952,85.716
2.31267e-005,0.000276567,0.00027776,85.218
1.95504e-005,0.000279905,0.000280621,85.98
1.69278e-005,0.000281097,0.000281813,86.544
1.97889e-005,0.000279667,0.000280382,85.944
1.38283e-005,0.000277044,0.000277283,87.144
1.9312e-005,0.000281336,0.000282051,86.07
1.81199e-005,0.000280621,0.000281097,86.298
1.66894e-005,0.000278952,0.000279428,86.55
1.26362e-005,0.000281813,0.000282289,87.396
1.54973e-005,0.000280382,0.000280859,86.802
1.31131e-005,0.000282289,0.000282766,87.3
1.66894e-005,0.000279428,0.000279905,86.55
1.38283e-005,0.000283482,0.00028372,87.174
1.59742e-005,0.000283958,0.000284435,86.778
1.43052e-005,0.000287058,0.000287296,87.144
1.59742e-005,0.000287296,0.000287773,86.814
6.67575e-006,0.000281336,0.000281336,88.608
1.40668e-005,0.000285627,0.000286104,87.162
1.52589e-005,0.000288965,0.000289442,86.964
1.83583e-005,0.000286104,0.000286581,86.298
1.43052e-005,0.000284912,0.00028515,87.12
2.40804e-005,0.000290157,0.000291111,85.242
2.16962e-005,0.00028825,0.000288965,85.668
1.9312e-005,0.000286104,0.000286819,86.106
2.28883e-005,0.00028968,0.000290634,85.464
2.24115e-005,0.000287296,0.000288012,85.524
2.47956e-005,0.000282766,0.000283958,84.984
2.24115e-005,0.000286104,0.000286819,85.506
2.26499e-005,0.000284197,0.000284912,85.41
2.43188e-005,0.000284197,0.00028515,85.074
1.71663e-005,0.00028372,0.000284197,86.508
2.28883e-005,0.000277044,0.000277998,85.26
2.19346e-005,0.000278713,0.000279428,85.452
2.2173e-005,0.000278952,0.000279905,85.428
1.6451e-005,0.000283958,0.000284435,86.676
2.31267e-005,0.000280382,0.000281336,85.278
1.6451e-005,0.000284435,0.000284912,86.682
9.77522e-006,0.000283482,0.00028372,88.014
1.66894e-005,0.000280144,0.000280621,86.562
1.43052e-005,0.000282051,0.000282289,87.06
1.85968e-005,0.000288965,0.00028968,86.304
2.00273e-005,0.000284674,0.000285389,85.95
2.02657e-005,0.000290396,0.000291111,85.998
1.54973e-005,0.000285627,0.000286104,86.862
1.66894e-005,0.000280621,0.000281097,86.568
2.47956e-005,0.000289442,0.000290396,85.062
2.43188e-005,0.000286343,0.000287296,85.11
2.36036e-005,0.000284197,0.00028515,85.242
2.45572e-005,0.00028372,0.000284674,85.032
2.31267e-005,0.000282289,0.000283482,85.314
2.31267e-005,0.000282766,0.00028372,85.32
2.07425e-005,0.00028372,0.000284435,85.8
1.76431e-005,0.000277283,0.00027776,86.322
1.78815e-005,0.000278475,0.000278952,86.304
1.76431e-005,0.000280144,0.000280621,86.358
1.76431e-005,0.000281574,0.000282051,86.376
1.38283e-005,0.000284912,0.00028515,87.222
1.07289e-005,0.00028825,0.000288488,87.852
2.47956e-005,0.000284197,0.000285389,84.972
1.57357e-005,0.000285627,0.000286104,86.832
1.71663e-005,0.000288727,0.000289204,86.562
1.76431e-005,0.000287773,0.00028825,86.454
2.40804e-005,0.00028372,0.000284674,85.134
2.02657e-005,0.00028515,0.000285866,85.926
2.0981e-005,0.000280859,0.000281813,85.692
2.05041e-005,0.000282528,0.000283482,85.818
1.76431e-005,0.00028825,0.000288727,86.46
1.97889e-005,0.000278475,0.000278952,85.896
2.00273e-005,0.000280859,0.000281574,85.896
1.62126e-005,0.000277998,0.000278475,86.64
1.52589e-005,0.000281574,0.000282051,86.886
1.59742e-005,0.000283482,0.000283958,86.736
1.59742e-005,0.000288488,0.000288965,86.826
1.6451e-005,0.000290634,0.000291111,86.754
2.05041e-005,0.000289442,0.000289919,85.92
2.31267e-005,0.000288965,0.000289919,85.386
2.31267e-005,0.000288727,0.00028968,85.416
2.47956e-005,0.000285627,0.000286581,84.996
2.19346e-005,0.000279428,0.000280382,85.47
1.95504e-005,0.000279428,0.000280144,85.98
2.14578e-005,0.000281813,0.000282766,85.638
1.85968e-005,0.000282289,0.000283243,86.19
1.45436e-005,0.000281097,0.000281336,87.012
2.00273e-005,0.000285627,0.000286104,85.962
1.35899e-005,0.000282289,0.000282766,87.234
1.85968e-005,0.000289204,0.000289919,86.274
1.4782e-005,0.000289204,0.000289442,87.03
2.00273e-005,0.00028372,0.000284435,85.938
2.31267e-005,0.000284912,0.000286104,85.356
2.43188e-005,0.000284912,0.000285866,85.122
2.0981e-005,0.000283005,0.000283958,85.722
2.12194e-005,0.000277998,0.000278952,85.614
1.9312e-005,0.00027776,0.000278475,86.022
1.76431e-005,0.000274422,0.000275137,86.286
1.43052e-005,0.00027919,0.000279428,87.06
1.43052e-005,0.000283005,0.000283482,87.102
1.1921e-005,0.000282766,0.000283243,87.57
1.43052e-005,0.000285866,0.000286104,87.096
1.62126e-005,0.000285627,0.000286104,86.73
1.90736e-005,0.000288965,0.000289442,86.208
2.40804e-005,0.000288965,0.000289919,85.218
2.02657e-005,0.00028515,0.000285866,85.89
2.64646e-005,0.000282528,0.000283958,84.612
2.33651e-005,0.000275137,0.000276091,85.116
1.88352e-005,0.000281574,0.000282289,86.142
2.05041e-005,0.000280382,0.000281097,85.788
1.78815e-005,0.000278952,0.000279428,86.31
1.38283e-005,0.000280859,0.000281097,87.18
1.33515e-005,0.000282289,0.000282766,87.264
1.14442e-005,0.000284435,0.000284674,87.684
2.26499e-005,0.000287773,0.000288727,85.5
1.71663e-005,0.000280859,0.000281336,86.472
2.14578e-005,0.000284435,0.000285389,85.68
2.31267e-005,0.000285866,0.000286819,85.338
2.3842e-005,0.000286581,0.000287535,85.212
1.76431e-005,0.000278952,0.000279428,86.346
2.19346e-005,0.000278475,0.000279428,85.452
1.78815e-005,0.000276091,0.000276806,86.274
2.05041e-005,0.000283005,0.000283958,85.824
1.59742e-005,0.000280382,0.000280859,86.736
1.4782e-005,0.000280621,0.000281097,86.976
1.16826e-005,0.000284435,0.000284435,87.618
1.38283e-005,0.000286581,0.000286819,87.24
1.69278e-005,0.000284197,0.000284674,86.544
1.74047e-005,0.000287535,0.000288012,86.52
2.12194e-005,0.000287773,0.000288727,85.764
1.97889e-005,0.000284674,0.000285389,86.016
2.05041e-005,0.000285627,0.000286104,85.86
2.24115e-005,0.000283005,0.000283958,85.458
2.36036e-005,0.000282766,0.00028372,85.218
2.12194e-005,0.000280621,0.000281574,85.656
1.97889e-005,0.000282289,0.000283005,85.986
2.0981e-005,0.000279428,0.000280382,85.674
1.31131e-005,0.000280144,0.000280621,87.312
1.57357e-005,0.000282766,0.000283482,86.796
1.6451e-005,0.000282289,0.000282766,86.652
1.4782e-005,0.000283958,0.000284197,87.012
1.6451e-005,0.000287773,0.00028825,86.718
1.97889e-005,0.000286104,0.000286819,86.04
2.52725e-005,0.000285866,0.000287058,84.906
2.2173e-005,0.000285389,0.000286104,85.524
2.57493e-005,0.000285627,0.000286581,84.834
2.50341e-005,0.000284912,0.000286104,84.954
2.43188e-005,0.000282289,0.000283243,85.074
2.07425e-005,0.000279905,0.000280621,85.746
2.26499e-005,0.00027776,0.000278713,85.338
1.4782e-005,0.000279667,0.000280144,86.964
1.4782e-005,0.000277044,0.000277283,86.904
1.83583e-005,0.000280382,0.000281097,86.226
1.6451e-005,0.000283005,0.000283482,86.634
1.54973e-005,0.000286819,0.000287296,86.91
1.6451e-005,0.000286581,0.000287058,86.67
1.81199e-005,0.00028825,0.000288965,86.4
2.0981e-005,0.000283958,0.000284674,85.77
1.85968e-005,0.000286343,0.000287058,86.274
2.07425e-005,0.000284912,0.000285866,85.824
2.16962e-005,0.000284435,0.00028515,85.614
1.97889e-005,0.000282766,0.000283482,85.986
1.90736e-005,0.000280621,0.000281097,86.094
1.9312e-005,0.000277521,0.000278236,85.986
1.9312e-005,0.000277283,0.00027776,85.98
1.76431e-005,0.000277044,0.000277521,86.316
1.33515e-005,0.00027919,0.000279428,87.234
1.28747e-005,0.000281813,0.000282289,87.36
1.04905e-005,0.000285866,0.000286104,87.864
1.59742e-005,0.000286343,0.000286819,86.772
1.28747e-005,0.000286819,0.000287296,87.408
1.69278e-005,0.000288488,0.000288965,86.628
1.81199e-005,0.000287773,0.00028825,86.358
2.14578e-005,0.000286581,0.000287535,85.68
2.14578e-005,0.000285627,0.000286343,85.662
2.19346e-005,0.000283482,0.000284435,85.566
2.0981e-005,0.000284197,0.000284912,85.776
2.14578e-005,0.000277521,0.000278475,85.572
1.76431e-005,0.000278952,0.000279428,86.346
1.76431e-005,0.000277283,0.00027776,86.358
1.90736e-005,0.000276091,0.000276806,86.034
1.54973e-005,0.00027776,0.000278475,86.808
1.52589e-005,0.000278952,0.000279428,86.856
1.71663e-005,0.00028515,0.000285627,86.526
1.52589e-005,0.000284197,0.000284435,86.916
1.81199e-005,0.000284435,0.000284912,86.346
1.07289e-005,0.000287773,0.000288012,87.846
1.33515e-005,0.000287773,0.000288012,87.312
1.90736e-005,0.000286343,0.000287058,86.172
1.97889e-005,0.000287296,0.000287773,86.016
1.88352e-005,0.000286104,0.000286819,86.202
2.16962e-005,0.00028372,0.000284435,85.602
2.2173e-005,0.000279667,0.000280621,85.44
2.14578e-005,0.000280859,0.000281813,85.626
1.85968e-005,0.000281097,0.000281813,86.202
1.85968e-005,0.000278952,0.000279428,86.136
2.05041e-005,0.000274422,0.000275375,85.698
1.62126e-005,0.00027776,0.000278475,86.64
1.54973e-005,0.000280382,0.000280859,86.838
1.45436e-005,0.000284197,0.000284435,87.048
1.50204e-005,0.00028372,0.000283958,86.94
1.59742e-005,0.000287058,0.000287535,86.778
1.38283e-005,0.000284435,0.000284912,87.216
1.81199e-005,0.000286581,0.000287296,86.346
1.95504e-005,0.000285866,0.000286581,86.064
2.14578e-005,0.000284435,0.000285389,85.65
2.43188e-005,0.000288727,0.00028968,85.182
2.24115e-005,0.000288488,0.000289442,85.542
2.33651e-005,0.000281574,0.000282528,85.23
1.6451e-005,0.000279905,0.000280382,86.628
2.07425e-005,0.000276329,0.000277283,85.692
1.4782e-005,0.00027776,0.00027776,86.94
2.0981e-005,0.000287296,0.000288012,85.818
1.35899e-005,0.000285866,0.000286104,87.264
2.05041e-005,0.000286819,0.000287535,85.884
1.43052e-005,0.000286104,0.000286343,87.132
1.69278e-005,0.000287296,0.000287773,86.616
1.97889e-005,0.000295164,0.000295879,86.124
2.19346e-005,0.000284435,0.00028515,85.548
1.76431e-005,0.000288727,0.000289204,86.502
2.02657e-005,0.000286581,0.000287296,85.944
2.0981e-005,0.000279905,0.000280621,85.71
2.12194e-005,0.000283958,0.000284912,85.704
2.14578e-005,0.000281097,0.000282051,85.596
1.38283e-005,0.000275614,0.000276091,87.096
1.71663e-005,0.000282289,0.000282766,86.49
1.69278e-005,0.000279905,0.000280382,86.49
1.6451e-005,0.000284912,0.000285389,86.652
1.04905e-005,0.000282289,0.000282289,87.834
1.52589e-005,0.00028515,0.000285627,86.922
1.40668e-005,0.000288012,0.00028825,87.186
1.85968e-005,0.000287773,0.000288488,86.292
2.14578e-005,0.000291588,0.000292541,85.752
2.02657e-005,0.000284435,0.000284912,85.878
2.31267e-005,0.000282289,0.000283243,85.278
1.97889e-005,0.000281336,0.000282051,85.938
1.9312e-005,0.000279428,0.000280144,86.046
1.71663e-005,0.000280382,0.000280859,86.466
1.38283e-005,0.000280621,0.000281097,87.18
1.26362e-005,0.000283482,0.00028372,87.408
2.36036e-005,0.000288488,0.000289442,85.314
2.93256e-005,0.00028825,0.00028968,84.156
2.36036e-005,0.000282289,0.000283243,85.206
2.36036e-005,0.000282289,0.000283243,85.176
2.88488e-005,0.000286581,0.00028825,84.228
2.12194e-005,0.000280144,0.000281097,85.65
2.26499e-005,0.000276091,0.000277044,85.308
2.26499e-005,0.000278475,0.000279428,85.314
1.85968e-005,0.000278475,0.00027919,86.166
1.71663e-005,0.000280621,0.000281097,86.466
1.4782e-005,0.000283005,0.000283482,87
1.59742e-005,0.00028515,0.000285627,86.754
1.66894e-005,0.000284435,0.000284912,86.616
2.28883e-005,0.000286581,0.000287535,85.416
2.52725e-005,0.000280144,0.000281336,84.804
2.31267e-005,0.000278713,0.000279667,85.254
2.02657e-005,0.000280382,0.000281097,85.854
1.97889e-005,0.000278713,0.000279428,85.932
1.6451e-005,0.000280382,0.000280859,86.634
1.45436e-005,0.000282051,0.000282289,87.024
1.85968e-005,0.000283482,0.000283958,86.196
1.54973e-005,0.000286581,0.000287296,86.904
2.02657e-005,0.000284912,0.000285627,85.89
2.31267e-005,0.000281336,0.000282289,85.26
2.2173e-005,0.000280144,0.000281097,85.446
2.12194e-005,0.000280621,0.000281336,85.656
1.85968e-005,0.000281336,0.000282051,86.172
1.85968e-005,0.000282051,0.000282766,86.214
1.50204e-005,0.000281813,0.000282289,86.922
1.59742e-005,0.000283958,0.000284435,86.778
1.71663e-005,0.000284912,0.000285627,86.52
2.00273e-005,0.000286819,0.000287535,85.98
2.52725e-005,0.000283482,0.000284674,84.894
2.43188e-005,0.000284435,0.000285389,85.08
2.16962e-005,0.000280144,0.000280859,85.542
1.66894e-005,0.000278236,0.000278713,86.538
1.38283e-005,0.000278236,0.000278475,87.156
1.31131e-005,0.00028372,0.000283958,87.342
1.43052e-005,0.000283958,0.000284197,87.108
1.74047e-005,0.000282289,0.000282766,86.454
2.14578e-005,0.000289919,0.000290634,85.728
2.2173e-005,0.000287773,0.000288488,85.566
2.05041e-005,0.000278713,0.000279428,85.764
2.05041e-005,0.000277283,0.000278236,85.74
1.69278e-005,0.000281813,0.000282289,86.52
1.38283e-005,0.000280144,0.000280621,87.138
1.4782e-005,0.000287773,0.000288012,87.048
1.43052e-005,0.000288488,0.000288965,87.126
2.00273e-005,0.000288488,0.000289204,86.004
2.2173e-005,0.000285627,0.000286581,85.53
2.12194e-005,0.000282289,0.000283243,85.68
2.19346e-005,0.000280621,0.000281574,85.518
1.76431e-005,0.000281813,0.000282289,86.382
1.4782e-005,0.000281097,0.000281574,86.946
1.54973e-005,0.000278952,0.000279428,86.82
1.74047e-005,0.000286581,0.000287296,86.508
2.0981e-005,0.000286581,0.000287296,85.776
2.0981e-005,0.000289919,0.000290873,85.83
2.0981e-005,0.000283243,0.000283958,85.764
2.52725e-005,0.000279428,0.000280621,84.822
2.02657e-005,0.000277998,0.000278713,85.818
1.66894e-005,0.000276806,0.000277283,86.52
1.54973e-005,0.00027919,0.000279667,86.826
1.38283e-005,0.000283243,0.000283482,87.174
1.59742e-005,0.000287296,0.000287773,86.814
1.9312e-005,0.000291588,0.000292303,86.172
2.19346e-005,0.000285627,0.000286343,85.566
2.3842e-005,0.000284197,0.00028515,85.176
2.00273e-005,0.000280621,0.000281336,85.896
1.76431e-005,0.000279428,0.000279905,86.382
1.83583e-005,0.000278952,0.000279428,86.208
1.52589e-005,0.000283243,0.000283482,86.904
1.62126e-005,0.00028515,0.000285627,86.724
1.69278e-005,0.000285389,0.000285866,86.592
2.31267e-005,0.000286343,0.000287296,85.344
2.43188e-005,0.000285627,0.000286581,85.098
2.16962e-005,0.000283482,0.000284435,85.602
1.6451e-005,0.000283005,0.000283482,86.664
1.85968e-005,0.000279667,0.000280382,86.184
1.38283e-005,0.000284197,0.000284435,87.216
1.54973e-005,0.000287296,0.000287773,86.844
1.52589e-005,0.000287773,0.000288012,86.952
2.07425e-005,0.00028825,0.000288965,85.866
2.0981e-005,0.000287296,0.000288012,85.788
2.40804e-005,0.000284435,0.000285627,85.146
2.02657e-005,0.000281097,0.000281574,85.86
1.43052e-005,0.00027919,0.000279428,87.06
1.54973e-005,0.000283005,0.000283482,86.868
1.52589e-005,0.000283958,0.000284197,86.91
1.78815e-005,0.000288012,0.000288488,86.424
2.19346e-005,0.000289204,0.000289919,85.65
2.31267e-005,0.000286819,0.000288012,85.356
2.47956e-005,0.000284912,0.000286104,84.99
2.19346e-005,0.000278236,0.000278952,85.446
2.14578e-005,0.000278952,0.000279667,85.56
1.52589e-005,0.000280144,0.000280621,86.868
1.38283e-005,0.000282289,0.000282528,87.162
1.6451e-005,0.000286104,0.000286581,86.7
1.88352e-005,0.00028825,0.000288965,86.232
2.26499e-005,0.000288965,0.000289919,85.518
2.47956e-005,0.000285627,0.000286581,85.032
2.14578e-005,0.00027919,0.000280144,85.602
2.02657e-005,0.000283482,0.000283958,85.896
1.59742e-005,0.000277283,0.00027776,86.7
1.9312e-005,0.000282289,0.000282766,86.082
1.38283e-005,0.000284435,0.000284912,87.216
1.50204e-005,0.00028968,0.000289919,87.006
1.97889e-005,0.000287296,0.000288012,86.052
2.43188e-005,0.000285627,0.000286581,85.098
2.45572e-005,0.000284435,0.000285627,85.044
2.50341e-005,0.000277998,0.00027919,84.828
2.0981e-005,0.000280859,0.000281813,85.692
1.90736e-005,0.000279667,0.000280382,86.082
1.38283e-005,0.000283482,0.00028372,87.174
1.14442e-005,0.000287773,0.000288012,87.678
1.76431e-005,0.000287535,0.000288012,86.454
2.0981e-005,0.000286819,0.000287773,85.782
1.83583e-005,0.000286581,0.000287296,86.31
1.69278e-005,0.000280144,0.000280621,86.496
